연도,월,일,요일,시간,휴일 여부,시험기간 여부,공연시즌 여부,예약 여부,리드타임_시간,취소 여부
2025,3,1,5,9,1,0,0,0,0.0,0
2025,3,1,5,10,1,0,0,1,8.1,0
2025,3,1,5,11,1,0,0,0,0.0,0
2025,3,1,5,12,1,0,0,0,0.0,0
2025,3,1,5,13,1,0,0,0,0.0,0
2025,3,1,5,14,1,0,0,0,0.0,0
2025,3,1,5,15,1,0,0,0,0.0,0
2025,3,1,5,16,1,0,0,0,0.0,0
2025,3,1,5,17,1,0,0,0,0.0,0
2025,3,1,5,18,1,0,0,1,72.1,0
2025,3,1,5,19,1,0,0,1,46.5,0
2025,3,1,5,20,1,0,0,1,197.0,0
2025,3,1,5,21,1,0,0,1,94.1,0
2025,3,1,5,22,1,0,0,1,8.6,0
2025,3,2,6,9,1,0,0,1,19.1,0
2025,3,2,6,10,1,0,0,0,0.0,0
2025,3,2,6,11,1,0,0,0,0.0,0
2025,3,2,6,12,1,0,0,1,159.6,0
2025,3,2,6,13,1,0,0,0,0.0,0
2025,3,2,6,14,1,0,0,1,134.0,0
2025,3,2,6,15,1,0,0,1,38.5,0
2025,3,2,6,16,1,0,0,0,0.0,0
2025,3,2,6,17,1,0,0,1,299.1,0
2025,3,2,6,18,1,0,0,1,75.6,0
2025,3,2,6,19,1,0,0,1,68.0,0
2025,3,2,6,20,1,0,0,0,0.0,0
2025,3,2,6,21,1,0,0,0,0.0,0
2025,3,2,6,22,1,0,0,1,76.3,0
2025,3,3,0,9,1,0,0,0,0.0,0
2025,3,3,0,10,1,0,0,1,28.2,0
2025,3,3,0,11,1,0,0,1,85.6,0
2025,3,3,0,12,1,0,0,1,72.4,0
2025,3,3,0,13,1,0,0,1,24.6,0
2025,3,3,0,14,1,0,0,0,0.0,0
2025,3,3,0,15,1,0,0,0,0.0,0
2025,3,3,0,16,1,0,0,0,0.0,0
2025,3,3,0,17,1,0,0,1,76.8,0
2025,3,3,0,18,1,0,0,1,70.2,0
2025,3,3,0,19,1,0,0,1,94.5,0
2025,3,3,0,20,1,0,0,1,189.8,0
2025,3,3,0,21,1,0,0,1,44.2,0
2025,3,3,0,22,1,0,0,1,70.0,0
2025,3,4,1,9,0,0,0,1,70.2,0
2025,3,4,1,10,0,0,0,0,0.0,0
2025,3,4,1,11,0,0,0,0,0.0,0
2025,3,4,1,12,0,0,0,0,0.0,0
2025,3,4,1,13,0,0,0,1,28.4,0
2025,3,4,1,14,0,0,0,0,0.0,0
2025,3,4,1,15,0,0,0,1,52.7,0
2025,3,4,1,16,0,0,0,0,0.0,0
2025,3,4,1,17,0,0,0,0,0.0,0
2025,3,4,1,18,0,0,0,0,0.0,0
2025,3,4,1,19,0,0,0,0,0.0,0
2025,3,4,1,20,0,0,0,0,0.0,0
2025,3,4,1,21,0,0,0,1,30.0,0
2025,3,4,1,22,0,0,0,0,0.0,0
2025,3,5,2,9,0,0,0,1,19.5,1
2025,3,5,2,10,0,0,0,0,0.0,0
2025,3,5,2,11,0,0,0,0,0.0,0
2025,3,5,2,12,0,0,0,0,0.0,0
2025,3,5,2,13,0,0,0,1,7.1,0
2025,3,5,2,14,0,0,0,0,0.0,0
2025,3,5,2,15,0,0,0,0,0.0,0
2025,3,5,2,16,0,0,0,0,0.0,0
2025,3,5,2,17,0,0,0,0,0.0,0
2025,3,5,2,18,0,0,0,0,0.0,0
2025,3,5,2,19,0,0,0,1,42.8,0
2025,3,5,2,20,0,0,0,0,0.0,0
2025,3,5,2,21,0,0,0,1,58.8,0
2025,3,5,2,22,0,0,0,0,0.0,0
2025,3,6,3,9,0,0,0,0,0.0,0
2025,3,6,3,10,0,0,0,1,45.9,0
2025,3,6,3,11,0,0,0,1,45.1,0
2025,3,6,3,12,0,0,0,0,0.0,0
2025,3,6,3,13,0,0,0,0,0.0,0
2025,3,6,3,14,0,0,0,0,0.0,0
2025,3,6,3,15,0,0,0,0,0.0,0
2025,3,6,3,16,0,0,0,0,0.0,0
2025,3,6,3,17,0,0,0,0,0.0,0
2025,3,6,3,18,0,0,0,0,0.0,0
2025,3,6,3,19,0,0,0,0,0.0,0
2025,3,6,3,20,0,0,0,1,81.9,0
2025,3,6,3,21,0,0,0,0,0.0,0
2025,3,6,3,22,0,0,0,0,0.0,0
2025,3,7,4,9,0,0,0,0,0.0,0
2025,3,7,4,10,0,0,0,1,39.8,0
2025,3,7,4,11,0,0,0,0,0.0,0
2025,3,7,4,12,0,0,0,0,0.0,0
2025,3,7,4,13,0,0,0,0,0.0,0
2025,3,7,4,14,0,0,0,0,0.0,0
2025,3,7,4,15,0,0,0,0,0.0,0
2025,3,7,4,16,0,0,0,1,10.8,0
2025,3,7,4,17,0,0,0,0,0.0,0
2025,3,7,4,18,0,0,0,0,0.0,0
2025,3,7,4,19,0,0,0,1,21.2,1
2025,3,7,4,20,0,0,0,0,0.0,0
2025,3,7,4,21,0,0,0,1,59.9,0
2025,3,7,4,22,0,0,0,0,0.0,0
2025,3,8,5,9,1,0,0,0,0.0,0
2025,3,8,5,10,1,0,0,1,159.6,0
2025,3,8,5,11,1,0,0,0,0.0,0
2025,3,8,5,12,1,0,0,1,57.8,0
2025,3,8,5,13,1,0,0,1,46.4,0
2025,3,8,5,14,1,0,0,1,160.0,0
2025,3,8,5,15,1,0,0,0,0.0,0
2025,3,8,5,16,1,0,0,0,0.0,0
2025,3,8,5,17,1,0,0,1,52.4,0
2025,3,8,5,18,1,0,0,1,91.1,0
2025,3,8,5,19,1,0,0,1,2.4,0
2025,3,8,5,20,1,0,0,1,42.8,0
2025,3,8,5,21,1,0,0,1,92.6,0
2025,3,8,5,22,1,0,0,1,6.0,0
2025,3,9,6,9,1,0,0,1,63.1,0
2025,3,9,6,10,1,0,0,1,2.4,0
2025,3,9,6,11,1,0,0,1,236.8,0
2025,3,9,6,12,1,0,0,0,0.0,0
2025,3,9,6,13,1,0,0,0,0.0,0
2025,3,9,6,14,1,0,0,1,27.9,0
2025,3,9,6,15,1,0,0,0,0.0,0
2025,3,9,6,16,1,0,0,1,25.5,0
2025,3,9,6,17,1,0,0,0,0.0,0
2025,3,9,6,18,1,0,0,0,0.0,0
2025,3,9,6,19,1,0,0,1,147.2,0
2025,3,9,6,20,1,0,0,1,56.0,0
2025,3,9,6,21,1,0,0,1,92.0,0
2025,3,9,6,22,1,0,0,1,164.7,0
2025,3,10,0,9,0,0,0,0,0.0,0
2025,3,10,0,10,0,0,0,0,0.0,0
2025,3,10,0,11,0,0,0,0,0.0,0
2025,3,10,0,12,0,0,0,0,0.0,0
2025,3,10,0,13,0,0,0,1,7.5,0
2025,3,10,0,14,0,0,0,1,70.9,0
2025,3,10,0,15,0,0,0,1,18.8,0
2025,3,10,0,16,0,0,0,1,2.4,0
2025,3,10,0,17,0,0,0,0,0.0,0
2025,3,10,0,18,0,0,0,1,59.1,0
2025,3,10,0,19,0,0,0,0,0.0,0
2025,3,10,0,20,0,0,0,1,8.1,0
2025,3,10,0,21,0,0,0,1,191.4,0
2025,3,10,0,22,0,0,0,0,0.0,0
2025,3,11,1,9,0,0,0,1,111.1,0
2025,3,11,1,10,0,0,0,0,0.0,0
2025,3,11,1,11,0,0,0,0,0.0,0
2025,3,11,1,12,0,0,0,0,0.0,0
2025,3,11,1,13,0,0,0,0,0.0,0
2025,3,11,1,14,0,0,0,0,0.0,0
2025,3,11,1,15,0,0,0,0,0.0,0
2025,3,11,1,16,0,0,0,0,0.0,0
2025,3,11,1,17,0,0,0,1,108.7,0
2025,3,11,1,18,0,0,0,1,57.5,0
2025,3,11,1,19,0,0,0,0,0.0,0
2025,3,11,1,20,0,0,0,0,0.0,0
2025,3,11,1,21,0,0,0,0,0.0,0
2025,3,11,1,22,0,0,0,0,0.0,0
2025,3,12,2,9,0,0,0,0,0.0,0
2025,3,12,2,10,0,0,0,0,0.0,0
2025,3,12,2,11,0,0,0,1,5.8,0
2025,3,12,2,12,0,0,0,1,30.9,0
2025,3,12,2,13,0,0,0,0,0.0,0
2025,3,12,2,14,0,0,0,1,74.6,0
2025,3,12,2,15,0,0,0,1,27.5,0
2025,3,12,2,16,0,0,0,1,14.6,0
2025,3,12,2,17,0,0,0,1,143.4,0
2025,3,12,2,18,0,0,0,0,0.0,0
2025,3,12,2,19,0,0,0,0,0.0,0
2025,3,12,2,20,0,0,0,0,0.0,0
2025,3,12,2,21,0,0,0,0,0.0,0
2025,3,12,2,22,0,0,0,0,0.0,0
2025,3,13,3,9,0,0,0,1,77.1,0
2025,3,13,3,10,0,0,0,1,2.4,0
2025,3,13,3,11,0,0,0,0,0.0,0
2025,3,13,3,12,0,0,0,0,0.0,0
2025,3,13,3,13,0,0,0,0,0.0,0
2025,3,13,3,14,0,0,0,0,0.0,0
2025,3,13,3,15,0,0,0,0,0.0,0
2025,3,13,3,16,0,0,0,0,0.0,0
2025,3,13,3,17,0,0,0,0,0.0,0
2025,3,13,3,18,0,0,0,0,0.0,0
2025,3,13,3,19,0,0,0,0,0.0,0
2025,3,13,3,20,0,0,0,1,38.7,0
2025,3,13,3,21,0,0,0,0,0.0,0
2025,3,13,3,22,0,0,0,0,0.0,0
2025,3,14,4,9,0,0,0,1,147.3,0
2025,3,14,4,10,0,0,0,0,0.0,0
2025,3,14,4,11,0,0,0,1,45.0,0
2025,3,14,4,12,0,0,0,0,0.0,0
2025,3,14,4,13,0,0,0,1,200.7,0
2025,3,14,4,14,0,0,0,0,0.0,0
2025,3,14,4,15,0,0,0,0,0.0,0
2025,3,14,4,16,0,0,0,0,0.0,0
2025,3,14,4,17,0,0,0,0,0.0,0
2025,3,14,4,18,0,0,0,1,19.3,0
2025,3,14,4,19,0,0,0,1,38.1,0
2025,3,14,4,20,0,0,0,0,0.0,0
2025,3,14,4,21,0,0,0,0,0.0,0
2025,3,14,4,22,0,0,0,0,0.0,0
2025,3,15,5,9,1,0,0,0,0.0,0
2025,3,15,5,10,1,0,0,1,20.1,0
2025,3,15,5,11,1,0,0,1,45.8,0
2025,3,15,5,12,1,0,0,1,10.6,0
2025,3,15,5,13,1,0,0,1,61.0,0
2025,3,15,5,14,1,0,0,0,0.0,0
2025,3,15,5,15,1,0,0,1,17.3,0
2025,3,15,5,16,1,0,0,1,13.9,0
2025,3,15,5,17,1,0,0,1,81.7,0
2025,3,15,5,18,1,0,0,1,27.3,0
2025,3,15,5,19,1,0,0,1,30.9,0
2025,3,15,5,20,1,0,0,1,4.5,0
2025,3,15,5,21,1,0,0,1,93.2,0
2025,3,15,5,22,1,0,0,0,0.0,0
2025,3,16,6,9,1,0,0,1,127.8,0
2025,3,16,6,10,1,0,0,0,0.0,0
2025,3,16,6,11,1,0,0,0,0.0,0
2025,3,16,6,12,1,0,0,1,10.3,0
2025,3,16,6,13,1,0,0,1,159.0,1
2025,3,16,6,14,1,0,0,0,0.0,0
2025,3,16,6,15,1,0,0,0,0.0,0
2025,3,16,6,16,1,0,0,1,22.6,0
2025,3,16,6,17,1,0,0,0,0.0,0
2025,3,16,6,18,1,0,0,1,96.1,0
2025,3,16,6,19,1,0,0,0,0.0,0
2025,3,16,6,20,1,0,0,1,13.6,0
2025,3,16,6,21,1,0,0,0,0.0,0
2025,3,16,6,22,1,0,0,1,4.9,0
2025,3,17,0,9,0,0,0,1,26.1,0
2025,3,17,0,10,0,0,0,1,167.4,0
2025,3,17,0,11,0,0,0,0,0.0,0
2025,3,17,0,12,0,0,0,0,0.0,0
2025,3,17,0,13,0,0,0,0,0.0,0
2025,3,17,0,14,0,0,0,0,0.0,0
2025,3,17,0,15,0,0,0,0,0.0,0
2025,3,17,0,16,0,0,0,0,0.0,0
2025,3,17,0,17,0,0,0,1,7.9,0
2025,3,17,0,18,0,0,0,0,0.0,0
2025,3,17,0,19,0,0,0,0,0.0,0
2025,3,17,0,20,0,0,0,0,0.0,0
2025,3,17,0,21,0,0,0,0,0.0,0
2025,3,17,0,22,0,0,0,0,0.0,0
2025,3,18,1,9,0,0,0,0,0.0,0
2025,3,18,1,10,0,0,0,1,61.1,0
2025,3,18,1,11,0,0,0,0,0.0,0
2025,3,18,1,12,0,0,0,0,0.0,0
2025,3,18,1,13,0,0,0,0,0.0,0
2025,3,18,1,14,0,0,0,0,0.0,0
2025,3,18,1,15,0,0,0,1,172.1,0
2025,3,18,1,16,0,0,0,0,0.0,0
2025,3,18,1,17,0,0,0,0,0.0,0
2025,3,18,1,18,0,0,0,0,0.0,0
2025,3,18,1,19,0,0,0,0,0.0,0
2025,3,18,1,20,0,0,0,0,0.0,0
2025,3,18,1,21,0,0,0,0,0.0,0
2025,3,18,1,22,0,0,0,0,0.0,0
2025,3,19,2,9,0,0,0,0,0.0,0
2025,3,19,2,10,0,0,0,0,0.0,0
2025,3,19,2,11,0,0,0,1,151.9,0
2025,3,19,2,12,0,0,0,0,0.0,0
2025,3,19,2,13,0,0,0,0,0.0,0
2025,3,19,2,14,0,0,0,0,0.0,0
2025,3,19,2,15,0,0,0,0,0.0,0
2025,3,19,2,16,0,0,0,0,0.0,0
2025,3,19,2,17,0,0,0,0,0.0,0
2025,3,19,2,18,0,0,0,0,0.0,0
2025,3,19,2,19,0,0,0,0,0.0,0
2025,3,19,2,20,0,0,0,0,0.0,0
2025,3,19,2,21,0,0,0,0,0.0,0
2025,3,19,2,22,0,0,0,0,0.0,0
2025,3,20,3,9,0,0,0,0,0.0,0
2025,3,20,3,10,0,0,0,0,0.0,0
2025,3,20,3,11,0,0,0,1,72.3,0
2025,3,20,3,12,0,0,0,0,0.0,0
2025,3,20,3,13,0,0,0,0,0.0,0
2025,3,20,3,14,0,0,0,0,0.0,0
2025,3,20,3,15,0,0,0,0,0.0,0
2025,3,20,3,16,0,0,0,0,0.0,0
2025,3,20,3,17,0,0,0,0,0.0,0
2025,3,20,3,18,0,0,0,1,123.4,0
2025,3,20,3,19,0,0,0,1,56.6,0
2025,3,20,3,20,0,0,0,0,0.0,0
2025,3,20,3,21,0,0,0,0,0.0,0
2025,3,20,3,22,0,0,0,0,0.0,0
2025,3,21,4,9,0,0,0,0,0.0,0
2025,3,21,4,10,0,0,0,0,0.0,0
2025,3,21,4,11,0,0,0,0,0.0,0
2025,3,21,4,12,0,0,0,0,0.0,0
2025,3,21,4,13,0,0,0,0,0.0,0
2025,3,21,4,14,0,0,0,0,0.0,0
2025,3,21,4,15,0,0,0,0,0.0,0
2025,3,21,4,16,0,0,0,0,0.0,0
2025,3,21,4,17,0,0,0,0,0.0,0
2025,3,21,4,18,0,0,0,0,0.0,0
2025,3,21,4,19,0,0,0,0,0.0,0
2025,3,21,4,20,0,0,0,1,47.4,0
2025,3,21,4,21,0,0,0,0,0.0,0
2025,3,21,4,22,0,0,0,0,0.0,0
2025,3,22,5,9,1,0,0,1,130.8,0
2025,3,22,5,10,1,0,0,1,261.8,0
2025,3,22,5,11,1,0,0,1,2.4,1
2025,3,22,5,12,1,0,0,1,25.6,0
2025,3,22,5,13,1,0,0,0,0.0,0
2025,3,22,5,14,1,0,0,1,18.5,0
2025,3,22,5,15,1,0,0,0,0.0,0
2025,3,22,5,16,1,0,0,1,8.3,0
2025,3,22,5,17,1,0,0,1,69.0,0
2025,3,22,5,18,1,0,0,0,0.0,0
2025,3,22,5,19,1,0,0,1,96.1,0
2025,3,22,5,20,1,0,0,1,255.5,0
2025,3,22,5,21,1,0,0,0,0.0,0
2025,3,22,5,22,1,0,0,1,97.6,0
2025,3,23,6,9,1,0,0,1,163.0,0
2025,3,23,6,10,1,0,0,0,0.0,0
2025,3,23,6,11,1,0,0,1,54.8,0
2025,3,23,6,12,1,0,0,1,79.2,0
2025,3,23,6,13,1,0,0,0,0.0,0
2025,3,23,6,14,1,0,0,1,262.7,0
2025,3,23,6,15,1,0,0,1,125.7,0
2025,3,23,6,16,1,0,0,0,0.0,0
2025,3,23,6,17,1,0,0,1,34.5,0
2025,3,23,6,18,1,0,0,0,0.0,0
2025,3,23,6,19,1,0,0,0,0.0,0
2025,3,23,6,20,1,0,0,0,0.0,0
2025,3,23,6,21,1,0,0,1,72.5,0
2025,3,23,6,22,1,0,0,1,7.0,0
2025,3,24,0,9,0,0,0,1,44.9,0
2025,3,24,0,10,0,0,0,0,0.0,0
2025,3,24,0,11,0,0,0,0,0.0,0
2025,3,24,0,12,0,0,0,0,0.0,0
2025,3,24,0,13,0,0,0,0,0.0,0
2025,3,24,0,14,0,0,0,0,0.0,0
2025,3,24,0,15,0,0,0,1,99.8,0
2025,3,24,0,16,0,0,0,0,0.0,0
2025,3,24,0,17,0,0,0,0,0.0,0
2025,3,24,0,18,0,0,0,1,190.9,0
2025,3,24,0,19,0,0,0,0,0.0,0
2025,3,24,0,20,0,0,0,0,0.0,0
2025,3,24,0,21,0,0,0,1,164.8,1
2025,3,24,0,22,0,0,0,0,0.0,0
2025,3,25,1,9,0,0,0,0,0.0,0
2025,3,25,1,10,0,0,0,0,0.0,0
2025,3,25,1,11,0,0,0,1,2.4,0
2025,3,25,1,12,0,0,0,0,0.0,0
2025,3,25,1,13,0,0,0,1,21.2,0
2025,3,25,1,14,0,0,0,0,0.0,0
2025,3,25,1,15,0,0,0,0,0.0,0
2025,3,25,1,16,0,0,0,0,0.0,0
2025,3,25,1,17,0,0,0,1,210.4,0
2025,3,25,1,18,0,0,0,0,0.0,0
2025,3,25,1,19,0,0,0,0,0.0,0
2025,3,25,1,20,0,0,0,1,102.8,0
2025,3,25,1,21,0,0,0,0,0.0,0
2025,3,25,1,22,0,0,0,0,0.0,0
2025,3,26,2,9,0,0,0,1,3.2,0
2025,3,26,2,10,0,0,0,0,0.0,0
2025,3,26,2,11,0,0,0,0,0.0,0
2025,3,26,2,12,0,0,0,0,0.0,0
2025,3,26,2,13,0,0,0,0,0.0,0
2025,3,26,2,14,0,0,0,0,0.0,0
2025,3,26,2,15,0,0,0,0,0.0,0
2025,3,26,2,16,0,0,0,0,0.0,0
2025,3,26,2,17,0,0,0,1,6.2,0
2025,3,26,2,18,0,0,0,1,34.2,0
2025,3,26,2,19,0,0,0,1,19.2,0
2025,3,26,2,20,0,0,0,1,3.0,0
2025,3,26,2,21,0,0,0,0,0.0,0
2025,3,26,2,22,0,0,0,0,0.0,0
2025,3,27,3,9,0,0,0,0,0.0,0
2025,3,27,3,10,0,0,0,1,269.1,0
2025,3,27,3,11,0,0,0,0,0.0,0
2025,3,27,3,12,0,0,0,0,0.0,0
2025,3,27,3,13,0,0,0,0,0.0,0
2025,3,27,3,14,0,0,0,0,0.0,0
2025,3,27,3,15,0,0,0,1,45.8,0
2025,3,27,3,16,0,0,0,1,30.6,0
2025,3,27,3,17,0,0,0,1,46.0,0
2025,3,27,3,18,0,0,0,0,0.0,0
2025,3,27,3,19,0,0,0,0,0.0,0
2025,3,27,3,20,0,0,0,1,14.3,0
2025,3,27,3,21,0,0,0,1,186.6,0
2025,3,27,3,22,0,0,0,0,0.0,0
2025,3,28,4,9,0,0,0,0,0.0,0
2025,3,28,4,10,0,0,0,0,0.0,0
2025,3,28,4,11,0,0,0,0,0.0,0
2025,3,28,4,12,0,0,0,0,0.0,0
2025,3,28,4,13,0,0,0,1,74.3,0
2025,3,28,4,14,0,0,0,0,0.0,0
2025,3,28,4,15,0,0,0,0,0.0,0
2025,3,28,4,16,0,0,0,0,0.0,0
2025,3,28,4,17,0,0,0,1,15.2,0
2025,3,28,4,18,0,0,0,1,24.9,0
2025,3,28,4,19,0,0,0,1,56.9,0
2025,3,28,4,20,0,0,0,0,0.0,0
2025,3,28,4,21,0,0,0,0,0.0,0
2025,3,28,4,22,0,0,0,1,55.5,0
2025,3,29,5,9,1,0,0,0,0.0,0
2025,3,29,5,10,1,0,0,1,87.5,0
2025,3,29,5,11,1,0,0,1,47.2,0
2025,3,29,5,12,1,0,0,1,7.4,0
2025,3,29,5,13,1,0,0,0,0.0,0
2025,3,29,5,14,1,0,0,0,0.0,0
2025,3,29,5,15,1,0,0,0,0.0,0
2025,3,29,5,16,1,0,0,1,30.9,0
2025,3,29,5,17,1,0,0,1,7.7,0
2025,3,29,5,18,1,0,0,1,224.1,0
2025,3,29,5,19,1,0,0,1,32.0,0
2025,3,29,5,20,1,0,0,0,0.0,0
2025,3,29,5,21,1,0,0,1,104.7,0
2025,3,29,5,22,1,0,0,0,0.0,0
2025,3,30,6,9,1,0,0,0,0.0,0
2025,3,30,6,10,1,0,0,0,0.0,0
2025,3,30,6,11,1,0,0,1,2.9,0
2025,3,30,6,12,1,0,0,0,0.0,0
2025,3,30,6,13,1,0,0,0,0.0,0
2025,3,30,6,14,1,0,0,0,0.0,0
2025,3,30,6,15,1,0,0,0,0.0,0
2025,3,30,6,16,1,0,0,1,62.0,0
2025,3,30,6,17,1,0,0,0,0.0,0
2025,3,30,6,18,1,0,0,1,100.6,1
2025,3,30,6,19,1,0,0,1,111.8,0
2025,3,30,6,20,1,0,0,1,42.9,0
2025,3,30,6,21,1,0,0,1,62.7,0
2025,3,30,6,22,1,0,0,1,38.9,0
2025,3,31,0,9,0,0,0,0,0.0,0
2025,3,31,0,10,0,0,0,0,0.0,0
2025,3,31,0,11,0,0,0,0,0.0,0
2025,3,31,0,12,0,0,0,0,0.0,0
2025,3,31,0,13,0,0,0,1,84.0,0
2025,3,31,0,14,0,0,0,1,49.2,0
2025,3,31,0,15,0,0,0,0,0.0,0
2025,3,31,0,16,0,0,0,1,26.7,0
2025,3,31,0,17,0,0,0,0,0.0,0
2025,3,31,0,18,0,0,0,1,8.8,0
2025,3,31,0,19,0,0,0,1,19.1,0
2025,3,31,0,20,0,0,0,0,0.0,0
2025,3,31,0,21,0,0,0,0,0.0,0
2025,3,31,0,22,0,0,0,0,0.0,0
2025,4,1,1,9,0,0,0,0,0.0,0
2025,4,1,1,10,0,0,0,0,0.0,0
2025,4,1,1,11,0,0,0,0,0.0,0
2025,4,1,1,12,0,0,0,0,0.0,0
2025,4,1,1,13,0,0,0,0,0.0,0
2025,4,1,1,14,0,0,0,0,0.0,0
2025,4,1,1,15,0,0,0,0,0.0,0
2025,4,1,1,16,0,0,0,0,0.0,0
2025,4,1,1,17,0,0,0,0,0.0,0
2025,4,1,1,18,0,0,0,0,0.0,0
2025,4,1,1,19,0,0,0,0,0.0,0
2025,4,1,1,20,0,0,0,0,0.0,0
2025,4,1,1,21,0,0,0,0,0.0,0
2025,4,1,1,22,0,0,0,1,31.6,0
2025,4,2,2,9,0,0,0,0,0.0,0
2025,4,2,2,10,0,0,0,1,15.9,0
2025,4,2,2,11,0,0,0,0,0.0,0
2025,4,2,2,12,0,0,0,0,0.0,0
2025,4,2,2,13,0,0,0,0,0.0,0
2025,4,2,2,14,0,0,0,0,0.0,0
2025,4,2,2,15,0,0,0,0,0.0,0
2025,4,2,2,16,0,0,0,1,35.3,0
2025,4,2,2,17,0,0,0,0,0.0,0
2025,4,2,2,18,0,0,0,0,0.0,0
2025,4,2,2,19,0,0,0,1,45.6,1
2025,4,2,2,20,0,0,0,1,78.9,0
2025,4,2,2,21,0,0,0,0,0.0,0
2025,4,2,2,22,0,0,0,0,0.0,0
2025,4,3,3,9,0,0,0,0,0.0,0
2025,4,3,3,10,0,0,0,1,158.5,0
2025,4,3,3,11,0,0,0,0,0.0,0
2025,4,3,3,12,0,0,0,0,0.0,0
2025,4,3,3,13,0,0,0,0,0.0,0
2025,4,3,3,14,0,0,0,1,200.7,0
2025,4,3,3,15,0,0,0,0,0.0,0
2025,4,3,3,16,0,0,0,0,0.0,0
2025,4,3,3,17,0,0,0,0,0.0,0
2025,4,3,3,18,0,0,0,1,19.0,0
2025,4,3,3,19,0,0,0,0,0.0,0
2025,4,3,3,20,0,0,0,0,0.0,0
2025,4,3,3,21,0,0,0,1,57.1,0
2025,4,3,3,22,0,0,0,1,71.1,0
2025,4,4,4,9,0,0,0,0,0.0,0
2025,4,4,4,10,0,0,0,0,0.0,0
2025,4,4,4,11,0,0,0,0,0.0,0
2025,4,4,4,12,0,0,0,0,0.0,0
2025,4,4,4,13,0,0,0,0,0.0,0
2025,4,4,4,14,0,0,0,0,0.0,0
2025,4,4,4,15,0,0,0,0,0.0,0
2025,4,4,4,16,0,0,0,0,0.0,0
2025,4,4,4,17,0,0,0,0,0.0,0
2025,4,4,4,18,0,0,0,0,0.0,0
2025,4,4,4,19,0,0,0,0,0.0,0
2025,4,4,4,20,0,0,0,0,0.0,0
2025,4,4,4,21,0,0,0,0,0.0,0
2025,4,4,4,22,0,0,0,1,137.7,0
2025,4,5,5,9,1,0,0,1,17.9,0
2025,4,5,5,10,1,0,0,1,28.8,0
2025,4,5,5,11,1,0,0,1,2.4,0
2025,4,5,5,12,1,0,0,0,0.0,0
2025,4,5,5,13,1,0,0,1,43.3,0
2025,4,5,5,14,1,0,0,0,0.0,0
2025,4,5,5,15,1,0,0,1,166.3,0
2025,4,5,5,16,1,0,0,1,3.9,0
2025,4,5,5,17,1,0,0,1,16.1,0
2025,4,5,5,18,1,0,0,1,45.1,0
2025,4,5,5,19,1,0,0,1,14.6,0
2025,4,5,5,20,1,0,0,0,0.0,0
2025,4,5,5,21,1,0,0,1,45.3,0
2025,4,5,5,22,1,0,0,0,0.0,0
2025,4,6,6,9,1,0,0,0,0.0,0
2025,4,6,6,10,1,0,0,0,0.0,0
2025,4,6,6,11,1,0,0,0,0.0,0
2025,4,6,6,12,1,0,0,0,0.0,0
2025,4,6,6,13,1,0,0,0,0.0,0
2025,4,6,6,14,1,0,0,0,0.0,0
2025,4,6,6,15,1,0,0,1,116.2,1
2025,4,6,6,16,1,0,0,0,0.0,0
2025,4,6,6,17,1,0,0,0,0.0,0
2025,4,6,6,18,1,0,0,0,0.0,0
2025,4,6,6,19,1,0,0,1,2.4,0
2025,4,6,6,20,1,0,0,1,90.6,0
2025,4,6,6,21,1,0,0,0,0.0,0
2025,4,6,6,22,1,0,0,1,32.5,0
2025,4,7,0,9,0,0,0,0,0.0,0
2025,4,7,0,10,0,0,0,0,0.0,0
2025,4,7,0,11,0,0,0,0,0.0,0
2025,4,7,0,12,0,0,0,0,0.0,0
2025,4,7,0,13,0,0,0,0,0.0,0
2025,4,7,0,14,0,0,0,0,0.0,0
2025,4,7,0,15,0,0,0,0,0.0,0
2025,4,7,0,16,0,0,0,0,0.0,0
2025,4,7,0,17,0,0,0,0,0.0,0
2025,4,7,0,18,0,0,0,1,15.1,0
2025,4,7,0,19,0,0,0,0,0.0,0
2025,4,7,0,20,0,0,0,0,0.0,0
2025,4,7,0,21,0,0,0,0,0.0,0
2025,4,7,0,22,0,0,0,0,0.0,0
2025,4,8,1,9,0,0,0,0,0.0,0
2025,4,8,1,10,0,0,0,0,0.0,0
2025,4,8,1,11,0,0,0,0,0.0,0
2025,4,8,1,12,0,0,0,0,0.0,0
2025,4,8,1,13,0,0,0,0,0.0,0
2025,4,8,1,14,0,0,0,0,0.0,0
2025,4,8,1,15,0,0,0,0,0.0,0
2025,4,8,1,16,0,0,0,0,0.0,0
2025,4,8,1,17,0,0,0,1,10.4,0
2025,4,8,1,18,0,0,0,0,0.0,0
2025,4,8,1,19,0,0,0,1,145.9,0
2025,4,8,1,20,0,0,0,0,0.0,0
2025,4,8,1,21,0,0,0,0,0.0,0
2025,4,8,1,22,0,0,0,1,109.8,0
2025,4,9,2,9,0,0,0,1,199.1,0
2025,4,9,2,10,0,0,0,1,172.6,0
2025,4,9,2,11,0,0,0,1,113.8,0
2025,4,9,2,12,0,0,0,0,0.0,0
2025,4,9,2,13,0,0,0,1,139.7,0
2025,4,9,2,14,0,0,0,0,0.0,0
2025,4,9,2,15,0,0,0,0,0.0,0
2025,4,9,2,16,0,0,0,0,0.0,0
2025,4,9,2,17,0,0,0,0,0.0,0
2025,4,9,2,18,0,0,0,0,0.0,0
2025,4,9,2,19,0,0,0,0,0.0,0
2025,4,9,2,20,0,0,0,0,0.0,0
2025,4,9,2,21,0,0,0,0,0.0,0
2025,4,9,2,22,0,0,0,0,0.0,0
2025,4,10,3,9,0,0,0,1,40.2,0
2025,4,10,3,10,0,0,0,0,0.0,0
2025,4,10,3,11,0,0,0,0,0.0,0
2025,4,10,3,12,0,0,0,0,0.0,0
2025,4,10,3,13,0,0,0,0,0.0,0
2025,4,10,3,14,0,0,0,1,37.4,0
2025,4,10,3,15,0,0,0,1,30.0,0
2025,4,10,3,16,0,0,0,0,0.0,0
2025,4,10,3,17,0,0,0,0,0.0,0
2025,4,10,3,18,0,0,0,1,98.5,0
2025,4,10,3,19,0,0,0,0,0.0,0
2025,4,10,3,20,0,0,0,1,126.6,0
2025,4,10,3,21,0,0,0,0,0.0,0
2025,4,10,3,22,0,0,0,1,62.6,0
2025,4,11,4,9,0,0,0,0,0.0,0
2025,4,11,4,10,0,0,0,0,0.0,0
2025,4,11,4,11,0,0,0,1,6.8,0
2025,4,11,4,12,0,0,0,0,0.0,0
2025,4,11,4,13,0,0,0,0,0.0,0
2025,4,11,4,14,0,0,0,0,0.0,0
2025,4,11,4,15,0,0,0,0,0.0,0
2025,4,11,4,16,0,0,0,0,0.0,0
2025,4,11,4,17,0,0,0,0,0.0,0
2025,4,11,4,18,0,0,0,0,0.0,0
2025,4,11,4,19,0,0,0,0,0.0,0
2025,4,11,4,20,0,0,0,0,0.0,0
2025,4,11,4,21,0,0,0,1,141.8,0
2025,4,11,4,22,0,0,0,0,0.0,0
2025,4,12,5,9,1,0,0,1,100.3,0
2025,4,12,5,10,1,0,0,1,20.7,0
2025,4,12,5,11,1,0,0,0,0.0,0
2025,4,12,5,12,1,0,0,0,0.0,0
2025,4,12,5,13,1,0,0,0,0.0,0
2025,4,12,5,14,1,0,0,1,167.8,0
2025,4,12,5,15,1,0,0,0,0.0,0
2025,4,12,5,16,1,0,0,1,90.1,0
2025,4,12,5,17,1,0,0,0,0.0,0
2025,4,12,5,18,1,0,0,1,39.6,0
2025,4,12,5,19,1,0,0,1,86.5,0
2025,4,12,5,20,1,0,0,1,47.0,0
2025,4,12,5,21,1,0,0,1,68.7,0
2025,4,12,5,22,1,0,0,1,61.4,0
2025,4,13,6,9,1,0,0,1,60.5,0
2025,4,13,6,10,1,0,0,1,2.4,0
2025,4,13,6,11,1,0,0,0,0.0,0
2025,4,13,6,12,1,0,0,0,0.0,0
2025,4,13,6,13,1,0,0,0,0.0,0
2025,4,13,6,14,1,0,0,1,32.5,0
2025,4,13,6,15,1,0,0,1,46.1,0
2025,4,13,6,16,1,0,0,0,0.0,0
2025,4,13,6,17,1,0,0,0,0.0,0
2025,4,13,6,18,1,0,0,1,59.9,0
2025,4,13,6,19,1,0,0,1,26.2,0
2025,4,13,6,20,1,0,0,1,59.8,0
2025,4,13,6,21,1,0,0,0,0.0,0
2025,4,13,6,22,1,0,0,0,0.0,0
2025,4,14,0,9,0,1,0,0,0.0,0
2025,4,14,0,10,0,1,0,1,210.7,0
2025,4,14,0,11,0,1,0,1,10.4,0
2025,4,14,0,12,0,1,0,0,0.0,0
2025,4,14,0,13,0,1,0,1,140.5,0
2025,4,14,0,14,0,1,0,1,92.8,0
2025,4,14,0,15,0,1,0,1,98.1,0
2025,4,14,0,16,0,1,0,0,0.0,0
2025,4,14,0,17,0,1,0,1,188.1,0
2025,4,14,0,18,0,1,0,1,6.5,0
2025,4,14,0,19,0,1,0,1,67.8,0
2025,4,14,0,20,0,1,0,1,14.2,0
2025,4,14,0,21,0,1,0,1,179.1,0
2025,4,14,0,22,0,1,0,0,0.0,0
2025,4,15,1,9,0,1,0,0,0.0,0
2025,4,15,1,10,0,1,0,1,53.1,0
2025,4,15,1,11,0,1,0,1,9.6,0
2025,4,15,1,12,0,1,0,1,100.9,0
2025,4,15,1,13,0,1,0,1,314.3,0
2025,4,15,1,14,0,1,0,0,0.0,0
2025,4,15,1,15,0,1,0,1,231.8,0
2025,4,15,1,16,0,1,0,0,0.0,0
2025,4,15,1,17,0,1,0,1,102.0,0
2025,4,15,1,18,0,1,0,1,75.1,0
2025,4,15,1,19,0,1,0,1,28.6,0
2025,4,15,1,20,0,1,0,0,0.0,0
2025,4,15,1,21,0,1,0,1,504.0,0
2025,4,15,1,22,0,1,0,0,0.0,0
2025,4,16,2,9,0,1,0,1,504.0,0
2025,4,16,2,10,0,1,0,1,93.0,0
2025,4,16,2,11,0,1,0,0,0.0,0
2025,4,16,2,12,0,1,0,0,0.0,0
2025,4,16,2,13,0,1,0,0,0.0,0
2025,4,16,2,14,0,1,0,1,33.5,0
2025,4,16,2,15,0,1,0,0,0.0,0
2025,4,16,2,16,0,1,0,1,13.0,0
2025,4,16,2,17,0,1,0,1,97.1,0
2025,4,16,2,18,0,1,0,1,373.4,0
2025,4,16,2,19,0,1,0,0,0.0,0
2025,4,16,2,20,0,1,0,0,0.0,0
2025,4,16,2,21,0,1,0,1,76.4,0
2025,4,16,2,22,0,1,0,1,9.4,0
2025,4,17,3,9,0,1,0,0,0.0,0
2025,4,17,3,10,0,1,0,1,254.1,0
2025,4,17,3,11,0,1,0,1,179.3,0
2025,4,17,3,12,0,1,0,0,0.0,0
2025,4,17,3,13,0,1,0,0,0.0,0
2025,4,17,3,14,0,1,0,0,0.0,0
2025,4,17,3,15,0,1,0,1,169.1,0
2025,4,17,3,16,0,1,0,0,0.0,0
2025,4,17,3,17,0,1,0,0,0.0,0
2025,4,17,3,18,0,1,0,1,44.1,0
2025,4,17,3,19,0,1,0,0,0.0,0
2025,4,17,3,20,0,1,0,0,0.0,0
2025,4,17,3,21,0,1,0,1,82.8,0
2025,4,17,3,22,0,1,0,1,131.0,0
2025,4,18,4,9,0,1,0,1,114.3,0
2025,4,18,4,10,0,1,0,0,0.0,0
2025,4,18,4,11,0,1,0,0,0.0,0
2025,4,18,4,12,0,1,0,1,324.9,0
2025,4,18,4,13,0,1,0,0,0.0,0
2025,4,18,4,14,0,1,0,0,0.0,0
2025,4,18,4,15,0,1,0,1,258.2,0
2025,4,18,4,16,0,1,0,0,0.0,0
2025,4,18,4,17,0,1,0,0,0.0,0
2025,4,18,4,18,0,1,0,1,277.8,0
2025,4,18,4,19,0,1,0,0,0.0,0
2025,4,18,4,20,0,1,0,0,0.0,0
2025,4,18,4,21,0,1,0,1,59.9,0
2025,4,18,4,22,0,1,0,1,169.7,0
2025,4,19,5,9,1,1,0,1,19.8,0
2025,4,19,5,10,1,1,0,1,237.8,0
2025,4,19,5,11,1,1,0,1,438.3,0
2025,4,19,5,12,1,1,0,1,19.9,0
2025,4,19,5,13,1,1,0,0,0.0,0
2025,4,19,5,14,1,1,0,1,315.9,0
2025,4,19,5,15,1,1,0,0,0.0,0
2025,4,19,5,16,1,1,0,1,211.2,1
2025,4,19,5,17,1,1,0,1,61.6,0
2025,4,19,5,18,1,1,0,1,20.1,0
2025,4,19,5,19,1,1,0,1,105.7,0
2025,4,19,5,20,1,1,0,1,93.8,0
2025,4,19,5,21,1,1,0,1,321.2,0
2025,4,19,5,22,1,1,0,1,132.3,0
2025,4,20,6,9,1,1,0,1,86.5,0
2025,4,20,6,10,1,1,0,1,193.6,0
2025,4,20,6,11,1,1,0,0,0.0,0
2025,4,20,6,12,1,1,0,1,365.8,0
2025,4,20,6,13,1,1,0,0,0.0,0
2025,4,20,6,14,1,1,0,1,164.1,0
2025,4,20,6,15,1,1,0,1,76.5,1
2025,4,20,6,16,1,1,0,0,0.0,0
2025,4,20,6,17,1,1,0,1,56.5,0
2025,4,20,6,18,1,1,0,1,30.0,0
2025,4,20,6,19,1,1,0,1,81.4,0
2025,4,20,6,20,1,1,0,1,215.5,0
2025,4,20,6,21,1,1,0,1,122.7,0
2025,4,20,6,22,1,1,0,1,389.1,0
2025,4,21,0,9,0,1,0,1,93.7,0
2025,4,21,0,10,0,1,0,1,211.5,0
2025,4,21,0,11,0,1,0,0,0.0,0
2025,4,21,0,12,0,1,0,1,149.9,0
2025,4,21,0,13,0,1,0,1,82.8,0
2025,4,21,0,14,0,1,0,0,0.0,0
2025,4,21,0,15,0,1,0,0,0.0,0
2025,4,21,0,16,0,1,0,1,353.0,0
2025,4,21,0,17,0,1,0,1,504.0,0
2025,4,21,0,18,0,1,0,0,0.0,0
2025,4,21,0,19,0,1,0,0,0.0,0
2025,4,21,0,20,0,1,0,1,328.2,0
2025,4,21,0,21,0,1,0,1,269.8,0
2025,4,21,0,22,0,1,0,0,0.0,0
2025,4,22,1,9,0,1,0,0,0.0,0
2025,4,22,1,10,0,1,0,1,54.3,0
2025,4,22,1,11,0,1,0,0,0.0,0
2025,4,22,1,12,0,1,0,0,0.0,0
2025,4,22,1,13,0,1,0,0,0.0,0
2025,4,22,1,14,0,1,0,0,0.0,0
2025,4,22,1,15,0,1,0,0,0.0,0
2025,4,22,1,16,0,1,0,1,392.7,0
2025,4,22,1,17,0,1,0,1,106.3,0
2025,4,22,1,18,0,1,0,0,0.0,0
2025,4,22,1,19,0,1,0,1,23.8,0
2025,4,22,1,20,0,1,0,1,206.5,0
2025,4,22,1,21,0,1,0,0,0.0,0
2025,4,22,1,22,0,1,0,1,282.7,0
2025,4,23,2,9,0,1,0,1,337.4,0
2025,4,23,2,10,0,1,0,0,0.0,0
2025,4,23,2,11,0,1,0,1,504.0,0
2025,4,23,2,12,0,1,0,0,0.0,0
2025,4,23,2,13,0,1,0,0,0.0,0
2025,4,23,2,14,0,1,0,0,0.0,0
2025,4,23,2,15,0,1,0,0,0.0,0
2025,4,23,2,16,0,1,0,0,0.0,0
2025,4,23,2,17,0,1,0,0,0.0,0
2025,4,23,2,18,0,1,0,1,11.3,0
2025,4,23,2,19,0,1,0,1,12.8,0
2025,4,23,2,20,0,1,0,0,0.0,0
2025,4,23,2,21,0,1,0,0,0.0,0
2025,4,23,2,22,0,1,0,0,0.0,0
2025,4,24,3,9,0,1,0,1,19.5,0
2025,4,24,3,10,0,1,0,1,264.1,0
2025,4,24,3,11,0,1,0,1,213.5,0
2025,4,24,3,12,0,1,0,0,0.0,0
2025,4,24,3,13,0,1,0,0,0.0,0
2025,4,24,3,14,0,1,0,1,104.2,0
2025,4,24,3,15,0,1,0,0,0.0,0
2025,4,24,3,16,0,1,0,1,88.5,0
2025,4,24,3,17,0,1,0,0,0.0,0
2025,4,24,3,18,0,1,0,0,0.0,0
2025,4,24,3,19,0,1,0,1,380.6,0
2025,4,24,3,20,0,1,0,0,0.0,0
2025,4,24,3,21,0,1,0,1,19.7,0
2025,4,24,3,22,0,1,0,1,132.0,0
2025,4,25,4,9,0,1,0,1,190.3,0
2025,4,25,4,10,0,1,0,0,0.0,0
2025,4,25,4,11,0,1,0,0,0.0,0
2025,4,25,4,12,0,1,0,1,75.2,0
2025,4,25,4,13,0,1,0,0,0.0,0
2025,4,25,4,14,0,1,0,1,449.1,0
2025,4,25,4,15,0,1,0,0,0.0,0
2025,4,25,4,16,0,1,0,1,72.9,1
2025,4,25,4,17,0,1,0,0,0.0,0
2025,4,25,4,18,0,1,0,0,0.0,0
2025,4,25,4,19,0,1,0,0,0.0,0
2025,4,25,4,20,0,1,0,1,239.2,0
2025,4,25,4,21,0,1,0,0,0.0,0
2025,4,25,4,22,0,1,0,1,233.2,0
2025,4,26,5,9,1,0,0,1,19.2,0
2025,4,26,5,10,1,0,0,1,116.6,0
2025,4,26,5,11,1,0,0,0,0.0,0
2025,4,26,5,12,1,0,0,0,0.0,0
2025,4,26,5,13,1,0,0,0,0.0,0
2025,4,26,5,14,1,0,0,1,132.9,0
2025,4,26,5,15,1,0,0,0,0.0,0
2025,4,26,5,16,1,0,0,1,22.2,0
2025,4,26,5,17,1,0,0,0,0.0,0
2025,4,26,5,18,1,0,0,1,163.8,0
2025,4,26,5,19,1,0,0,1,114.4,0
2025,4,26,5,20,1,0,0,0,0.0,0
2025,4,26,5,21,1,0,0,1,49.3,0
2025,4,26,5,22,1,0,0,0,0.0,0
2025,4,27,6,9,1,0,0,1,15.6,0
2025,4,27,6,10,1,0,0,1,101.8,1
2025,4,27,6,11,1,0,0,0,0.0,0
2025,4,27,6,12,1,0,0,0,0.0,0
2025,4,27,6,13,1,0,0,1,87.7,0
2025,4,27,6,14,1,0,0,0,0.0,0
2025,4,27,6,15,1,0,0,1,2.4,0
2025,4,27,6,16,1,0,0,1,84.7,0
2025,4,27,6,17,1,0,0,1,2.4,0
2025,4,27,6,18,1,0,0,1,347.1,0
2025,4,27,6,19,1,0,0,1,2.4,0
2025,4,27,6,20,1,0,0,0,0.0,0
2025,4,27,6,21,1,0,0,1,3.0,0
2025,4,27,6,22,1,0,0,1,94.4,1
2025,4,28,0,9,0,0,0,0,0.0,0
2025,4,28,0,10,0,0,0,0,0.0,0
2025,4,28,0,11,0,0,0,0,0.0,0
2025,4,28,0,12,0,0,0,0,0.0,0
2025,4,28,0,13,0,0,0,1,68.2,0
2025,4,28,0,14,0,0,0,1,93.9,0
2025,4,28,0,15,0,0,0,0,0.0,0
2025,4,28,0,16,0,0,0,0,0.0,0
2025,4,28,0,17,0,0,0,0,0.0,0
2025,4,28,0,18,0,0,0,0,0.0,0
2025,4,28,0,19,0,0,0,0,0.0,0
2025,4,28,0,20,0,0,0,0,0.0,0
2025,4,28,0,21,0,0,0,1,52.8,0
2025,4,28,0,22,0,0,0,1,88.4,0
2025,4,29,1,9,0,0,0,0,0.0,0
2025,4,29,1,10,0,0,0,0,0.0,0
2025,4,29,1,11,0,0,0,1,15.5,0
2025,4,29,1,12,0,0,0,0,0.0,0
2025,4,29,1,13,0,0,0,1,30.8,0
2025,4,29,1,14,0,0,0,0,0.0,0
2025,4,29,1,15,0,0,0,1,94.5,1
2025,4,29,1,16,0,0,0,1,41.2,0
2025,4,29,1,17,0,0,0,0,0.0,0
2025,4,29,1,18,0,0,0,0,0.0,0
2025,4,29,1,19,0,0,0,0,0.0,0
2025,4,29,1,20,0,0,0,0,0.0,0
2025,4,29,1,21,0,0,0,0,0.0,0
2025,4,29,1,22,0,0,0,0,0.0,0
2025,4,30,2,9,0,0,0,1,71.4,0
2025,4,30,2,10,0,0,0,1,292.3,0
2025,4,30,2,11,0,0,0,0,0.0,0
2025,4,30,2,12,0,0,0,1,260.2,0
2025,4,30,2,13,0,0,0,1,11.7,0
2025,4,30,2,14,0,0,0,1,144.0,0
2025,4,30,2,15,0,0,0,1,9.5,0
2025,4,30,2,16,0,0,0,1,58.8,1
2025,4,30,2,17,0,0,0,1,43.7,0
2025,4,30,2,18,0,0,0,0,0.0,0
2025,4,30,2,19,0,0,0,1,81.5,0
2025,4,30,2,20,0,0,0,0,0.0,0
2025,4,30,2,21,0,0,0,0,0.0,0
2025,4,30,2,22,0,0,0,1,9.7,0
2025,5,1,3,9,0,0,0,0,0.0,0
2025,5,1,3,10,0,0,0,0,0.0,0
2025,5,1,3,11,0,0,0,0,0.0,0
2025,5,1,3,12,0,0,0,1,245.5,0
2025,5,1,3,13,0,0,0,0,0.0,0
2025,5,1,3,14,0,0,0,0,0.0,0
2025,5,1,3,15,0,0,0,0,0.0,0
2025,5,1,3,16,0,0,0,0,0.0,0
2025,5,1,3,17,0,0,0,0,0.0,0
2025,5,1,3,18,0,0,0,1,50.2,0
2025,5,1,3,19,0,0,0,0,0.0,0
2025,5,1,3,20,0,0,0,0,0.0,0
2025,5,1,3,21,0,0,0,1,100.5,0
2025,5,1,3,22,0,0,0,0,0.0,0
2025,5,2,4,9,0,0,0,1,120.0,0
2025,5,2,4,10,0,0,0,0,0.0,0
2025,5,2,4,11,0,0,0,0,0.0,0
2025,5,2,4,12,0,0,0,0,0.0,0
2025,5,2,4,13,0,0,0,1,101.0,0
2025,5,2,4,14,0,0,0,0,0.0,0
2025,5,2,4,15,0,0,0,1,202.8,0
2025,5,2,4,16,0,0,0,0,0.0,0
2025,5,2,4,17,0,0,0,0,0.0,0
2025,5,2,4,18,0,0,0,0,0.0,0
2025,5,2,4,19,0,0,0,1,32.5,0
2025,5,2,4,20,0,0,0,1,66.4,0
2025,5,2,4,21,0,0,0,0,0.0,0
2025,5,2,4,22,0,0,0,0,0.0,0
2025,5,3,5,9,1,0,0,0,0.0,0
2025,5,3,5,10,1,0,0,0,0.0,0
2025,5,3,5,11,1,0,0,0,0.0,0
2025,5,3,5,12,1,0,0,0,0.0,0
2025,5,3,5,13,1,0,0,1,11.5,0
2025,5,3,5,14,1,0,0,0,0.0,0
2025,5,3,5,15,1,0,0,0,0.0,0
2025,5,3,5,16,1,0,0,1,83.4,0
2025,5,3,5,17,1,0,0,0,0.0,0
2025,5,3,5,18,1,0,0,0,0.0,0
2025,5,3,5,19,1,0,0,1,83.7,0
2025,5,3,5,20,1,0,0,1,4.8,0
2025,5,3,5,21,1,0,0,1,117.8,0
2025,5,3,5,22,1,0,0,1,302.6,0
2025,5,4,6,9,1,0,0,1,93.7,0
2025,5,4,6,10,1,0,0,1,66.3,0
2025,5,4,6,11,1,0,0,1,8.6,0
2025,5,4,6,12,1,0,0,1,39.9,0
2025,5,4,6,13,1,0,0,1,85.8,0
2025,5,4,6,14,1,0,0,1,40.7,0
2025,5,4,6,15,1,0,0,0,0.0,0
2025,5,4,6,16,1,0,0,1,51.7,0
2025,5,4,6,17,1,0,0,1,100.7,0
2025,5,4,6,18,1,0,0,1,137.6,0
2025,5,4,6,19,1,0,0,1,483.7,0
2025,5,4,6,20,1,0,0,1,68.5,0
2025,5,4,6,21,1,0,0,1,71.6,0
2025,5,4,6,22,1,0,0,1,53.2,0
2025,5,5,0,9,1,0,0,0,0.0,0
2025,5,5,0,10,1,0,0,0,0.0,0
2025,5,5,0,11,1,0,0,1,21.2,0
2025,5,5,0,12,1,0,0,1,116.4,0
2025,5,5,0,13,1,0,0,0,0.0,0
2025,5,5,0,14,1,0,0,1,2.4,0
2025,5,5,0,15,1,0,0,0,0.0,0
2025,5,5,0,16,1,0,0,1,2.4,0
2025,5,5,0,17,1,0,0,1,41.9,0
2025,5,5,0,18,1,0,0,1,16.3,0
2025,5,5,0,19,1,0,0,0,0.0,0
2025,5,5,0,20,1,0,0,0,0.0,0
2025,5,5,0,21,1,0,0,1,159.4,0
2025,5,5,0,22,1,0,0,1,42.1,0
2025,5,6,1,9,1,0,0,1,26.3,0
2025,5,6,1,10,1,0,0,1,2.4,0
2025,5,6,1,11,1,0,0,0,0.0,0
2025,5,6,1,12,1,0,0,1,136.4,0
2025,5,6,1,13,1,0,0,1,87.9,0
2025,5,6,1,14,1,0,0,0,0.0,0
2025,5,6,1,15,1,0,0,1,143.1,1
2025,5,6,1,16,1,0,0,1,34.3,0
2025,5,6,1,17,1,0,0,1,20.4,0
2025,5,6,1,18,1,0,0,1,112.9,0
2025,5,6,1,19,1,0,0,0,0.0,0
2025,5,6,1,20,1,0,0,1,62.4,0
2025,5,6,1,21,1,0,0,1,9.8,0
2025,5,6,1,22,1,0,0,0,0.0,0
2025,5,7,2,9,0,0,0,0,0.0,0
2025,5,7,2,10,0,0,0,0,0.0,0
2025,5,7,2,11,0,0,0,0,0.0,0
2025,5,7,2,12,0,0,0,0,0.0,0
2025,5,7,2,13,0,0,0,0,0.0,0
2025,5,7,2,14,0,0,0,0,0.0,0
2025,5,7,2,15,0,0,0,1,212.8,0
2025,5,7,2,16,0,0,0,0,0.0,0
2025,5,7,2,17,0,0,0,1,20.3,0
2025,5,7,2,18,0,0,0,0,0.0,0
2025,5,7,2,19,0,0,0,1,167.4,0
2025,5,7,2,20,0,0,0,1,182.9,0
2025,5,7,2,21,0,0,0,1,32.1,0
2025,5,7,2,22,0,0,0,1,6.3,0
2025,5,8,3,9,0,0,0,0,0.0,0
2025,5,8,3,10,0,0,0,0,0.0,0
2025,5,8,3,11,0,0,0,1,24.4,0
2025,5,8,3,12,0,0,0,1,68.6,0
2025,5,8,3,13,0,0,0,0,0.0,0
2025,5,8,3,14,0,0,0,1,127.7,0
2025,5,8,3,15,0,0,0,0,0.0,0
2025,5,8,3,16,0,0,0,0,0.0,0
2025,5,8,3,17,0,0,0,0,0.0,0
2025,5,8,3,18,0,0,0,1,167.4,0
2025,5,8,3,19,0,0,0,1,49.3,0
2025,5,8,3,20,0,0,0,0,0.0,0
2025,5,8,3,21,0,0,0,1,100.2,1
2025,5,8,3,22,0,0,0,0,0.0,0
2025,5,9,4,9,0,0,0,0,0.0,0
2025,5,9,4,10,0,0,0,0,0.0,0
2025,5,9,4,11,0,0,0,0,0.0,0
2025,5,9,4,12,0,0,0,1,345.7,0
2025,5,9,4,13,0,0,0,1,155.0,0
2025,5,9,4,14,0,0,0,1,149.2,0
2025,5,9,4,15,0,0,0,0,0.0,0
2025,5,9,4,16,0,0,0,0,0.0,0
2025,5,9,4,17,0,0,0,0,0.0,0
2025,5,9,4,18,0,0,0,0,0.0,0
2025,5,9,4,19,0,0,0,0,0.0,0
2025,5,9,4,20,0,0,0,1,244.7,0
2025,5,9,4,21,0,0,0,1,8.9,0
2025,5,9,4,22,0,0,0,0,0.0,0
2025,5,10,5,9,1,0,0,0,0.0,0
2025,5,10,5,10,1,0,0,1,57.9,0
2025,5,10,5,11,1,0,0,1,172.2,0
2025,5,10,5,12,1,0,0,1,27.6,0
2025,5,10,5,13,1,0,0,0,0.0,0
2025,5,10,5,14,1,0,0,0,0.0,0
2025,5,10,5,15,1,0,0,0,0.0,0
2025,5,10,5,16,1,0,0,1,137.4,0
2025,5,10,5,17,1,0,0,1,47.6,0
2025,5,10,5,18,1,0,0,1,6.6,0
2025,5,10,5,19,1,0,0,1,75.3,0
2025,5,10,5,20,1,0,0,1,76.7,0
2025,5,10,5,21,1,0,0,1,21.3,0
2025,5,10,5,22,1,0,0,1,20.0,0
2025,5,11,6,9,1,0,0,1,225.0,0
2025,5,11,6,10,1,0,0,1,44.8,0
2025,5,11,6,11,1,0,0,0,0.0,0
2025,5,11,6,12,1,0,0,0,0.0,0
2025,5,11,6,13,1,0,0,1,33.7,0
2025,5,11,6,14,1,0,0,0,0.0,0
2025,5,11,6,15,1,0,0,1,11.4,0
2025,5,11,6,16,1,0,0,1,38.2,0
2025,5,11,6,17,1,0,0,0,0.0,0
2025,5,11,6,18,1,0,0,1,38.7,0
2025,5,11,6,19,1,0,0,1,88.5,0
2025,5,11,6,20,1,0,0,0,0.0,0
2025,5,11,6,21,1,0,0,1,32.5,0
2025,5,11,6,22,1,0,0,1,14.1,0
2025,5,12,0,9,0,0,1,0,0.0,0
2025,5,12,0,10,0,0,1,1,12.5,0
2025,5,12,0,11,0,0,1,0,0.0,0
2025,5,12,0,12,0,0,1,1,220.3,0
2025,5,12,0,13,0,0,1,0,0.0,0
2025,5,12,0,14,0,0,1,0,0.0,0
2025,5,12,0,15,0,0,1,1,69.8,0
2025,5,12,0,16,0,0,1,0,0.0,0
2025,5,12,0,17,0,0,1,1,182.1,0
2025,5,12,0,18,0,0,1,0,0.0,0
2025,5,12,0,19,0,0,1,0,0.0,0
2025,5,12,0,20,0,0,1,1,259.2,0
2025,5,12,0,21,0,0,1,1,8.0,0
2025,5,12,0,22,0,0,1,1,504.0,0
2025,5,13,1,9,0,0,1,1,26.5,0
2025,5,13,1,10,0,0,1,1,333.8,0
2025,5,13,1,11,0,0,1,0,0.0,0
2025,5,13,1,12,0,0,1,0,0.0,0
2025,5,13,1,13,0,0,1,0,0.0,0
2025,5,13,1,14,0,0,1,1,14.0,0
2025,5,13,1,15,0,0,1,0,0.0,0
2025,5,13,1,16,0,0,1,1,239.1,0
2025,5,13,1,17,0,0,1,0,0.0,0
2025,5,13,1,18,0,0,1,1,127.4,0
2025,5,13,1,19,0,0,1,1,70.4,0
2025,5,13,1,20,0,0,1,1,98.3,0
2025,5,13,1,21,0,0,1,1,90.4,0
2025,5,13,1,22,0,0,1,0,0.0,0
2025,5,14,2,9,0,0,1,1,11.0,0
2025,5,14,2,10,0,0,1,1,26.9,0
2025,5,14,2,11,0,0,1,0,0.0,0
2025,5,14,2,12,0,0,1,0,0.0,0
2025,5,14,2,13,0,0,1,0,0.0,0
2025,5,14,2,14,0,0,1,1,397.4,0
2025,5,14,2,15,0,0,1,1,504.0,0
2025,5,14,2,16,0,0,1,1,102.1,0
2025,5,14,2,17,0,0,1,0,0.0,0
2025,5,14,2,18,0,0,1,1,8.1,0
2025,5,14,2,19,0,0,1,1,463.9,1
2025,5,14,2,20,0,0,1,1,80.6,0
2025,5,14,2,21,0,0,1,1,114.9,0
2025,5,14,2,22,0,0,1,0,0.0,0
2025,5,15,3,9,0,0,1,1,14.7,0
2025,5,15,3,10,0,0,1,1,504.0,1
2025,5,15,3,11,0,0,1,0,0.0,0
2025,5,15,3,12,0,0,1,0,0.0,0
2025,5,15,3,13,0,0,1,1,50.9,0
2025,5,15,3,14,0,0,1,0,0.0,0
2025,5,15,3,15,0,0,1,1,340.4,1
2025,5,15,3,16,0,0,1,1,116.7,0
2025,5,15,3,17,0,0,1,0,0.0,0
2025,5,15,3,18,0,0,1,1,24.0,0
2025,5,15,3,19,0,0,1,1,317.0,0
2025,5,15,3,20,0,0,1,1,274.4,0
2025,5,15,3,21,0,0,1,1,108.0,1
2025,5,15,3,22,0,0,1,0,0.0,0
2025,5,16,4,9,0,0,1,0,0.0,0
2025,5,16,4,10,0,0,1,1,66.7,0
2025,5,16,4,11,0,0,1,0,0.0,0
2025,5,16,4,12,0,0,1,1,40.0,0
2025,5,16,4,13,0,0,1,0,0.0,0
2025,5,16,4,14,0,0,1,1,345.3,0
2025,5,16,4,15,0,0,1,0,0.0,0
2025,5,16,4,16,0,0,1,1,504.0,0
2025,5,16,4,17,0,0,1,1,271.5,0
2025,5,16,4,18,0,0,1,0,0.0,0
2025,5,16,4,19,0,0,1,1,7.0,0
2025,5,16,4,20,0,0,1,0,0.0,0
2025,5,16,4,21,0,0,1,1,376.4,0
2025,5,16,4,22,0,0,1,0,0.0,0
2025,5,17,5,9,1,0,1,1,464.5,0
2025,5,17,5,10,1,0,1,1,147.4,1
2025,5,17,5,11,1,0,1,0,0.0,0
2025,5,17,5,12,1,0,1,1,51.7,0
2025,5,17,5,13,1,0,1,1,192.3,1
2025,5,17,5,14,1,0,1,1,96.8,0
2025,5,17,5,15,1,0,1,1,215.9,0
2025,5,17,5,16,1,0,1,1,262.5,0
2025,5,17,5,17,1,0,1,1,180.5,0
2025,5,17,5,18,1,0,1,1,273.4,0
2025,5,17,5,19,1,0,1,1,6.9,0
2025,5,17,5,20,1,0,1,1,166.4,0
2025,5,17,5,21,1,0,1,1,206.6,0
2025,5,17,5,22,1,0,1,1,210.6,0
2025,5,18,6,9,1,0,1,1,194.2,0
2025,5,18,6,10,1,0,1,1,129.2,1
2025,5,18,6,11,1,0,1,1,504.0,0
2025,5,18,6,12,1,0,1,1,74.2,0
2025,5,18,6,13,1,0,1,1,197.8,0
2025,5,18,6,14,1,0,1,1,171.2,0
2025,5,18,6,15,1,0,1,0,0.0,0
2025,5,18,6,16,1,0,1,1,199.9,0
2025,5,18,6,17,1,0,1,1,222.9,1
2025,5,18,6,18,1,0,1,1,39.8,0
2025,5,18,6,19,1,0,1,1,248.7,0
2025,5,18,6,20,1,0,1,1,463.2,1
2025,5,18,6,21,1,0,1,1,137.8,0
2025,5,18,6,22,1,0,1,1,302.5,0
2025,5,19,0,9,0,0,1,0,0.0,0
2025,5,19,0,10,0,0,1,0,0.0,0
2025,5,19,0,11,0,0,1,1,504.0,0
2025,5,19,0,12,0,0,1,0,0.0,0
2025,5,19,0,13,0,0,1,0,0.0,0
2025,5,19,0,14,0,0,1,0,0.0,0
2025,5,19,0,15,0,0,1,0,0.0,0
2025,5,19,0,16,0,0,1,1,206.6,0
2025,5,19,0,17,0,0,1,1,432.2,0
2025,5,19,0,18,0,0,1,1,43.3,0
2025,5,19,0,19,0,0,1,1,60.1,0
2025,5,19,0,20,0,0,1,1,124.3,0
2025,5,19,0,21,0,0,1,0,0.0,0
2025,5,19,0,22,0,0,1,0,0.0,0
2025,5,20,1,9,0,0,1,1,191.2,0
2025,5,20,1,10,0,0,1,0,0.0,0
2025,5,20,1,11,0,0,1,1,281.6,0
2025,5,20,1,12,0,0,1,0,0.0,0
2025,5,20,1,13,0,0,1,0,0.0,0
2025,5,20,1,14,0,0,1,0,0.0,0
2025,5,20,1,15,0,0,1,0,0.0,0
2025,5,20,1,16,0,0,1,1,257.5,0
2025,5,20,1,17,0,0,1,0,0.0,0
2025,5,20,1,18,0,0,1,0,0.0,0
2025,5,20,1,19,0,0,1,1,60.1,1
2025,5,20,1,20,0,0,1,1,16.4,0
2025,5,20,1,21,0,0,1,1,372.2,0
2025,5,20,1,22,0,0,1,1,101.8,1
2025,5,21,2,9,0,0,1,0,0.0,0
2025,5,21,2,10,0,0,1,1,85.8,0
2025,5,21,2,11,0,0,1,0,0.0,0
2025,5,21,2,12,0,0,1,0,0.0,0
2025,5,21,2,13,0,0,1,1,45.5,0
2025,5,21,2,14,0,0,1,1,56.5,0
2025,5,21,2,15,0,0,1,1,179.3,0
2025,5,21,2,16,0,0,1,0,0.0,0
2025,5,21,2,17,0,0,1,1,504.0,0
2025,5,21,2,18,0,0,1,1,199.1,1
2025,5,21,2,19,0,0,1,0,0.0,0
2025,5,21,2,20,0,0,1,1,316.3,0
2025,5,21,2,21,0,0,1,1,504.0,0
2025,5,21,2,22,0,0,1,1,504.0,0
2025,5,22,3,9,0,0,1,0,0.0,0
2025,5,22,3,10,0,0,1,0,0.0,0
2025,5,22,3,11,0,0,1,1,241.2,0
2025,5,22,3,12,0,0,1,0,0.0,0
2025,5,22,3,13,0,0,1,1,114.7,0
2025,5,22,3,14,0,0,1,1,155.0,0
2025,5,22,3,15,0,0,1,0,0.0,0
2025,5,22,3,16,0,0,1,1,137.5,0
2025,5,22,3,17,0,0,1,1,108.1,0
2025,5,22,3,18,0,0,1,0,0.0,0
2025,5,22,3,19,0,0,1,0,0.0,0
2025,5,22,3,20,0,0,1,0,0.0,0
2025,5,22,3,21,0,0,1,1,504.0,1
2025,5,22,3,22,0,0,1,0,0.0,0
2025,5,23,4,9,0,0,1,0,0.0,0
2025,5,23,4,10,0,0,1,0,0.0,0
2025,5,23,4,11,0,0,1,0,0.0,0
2025,5,23,4,12,0,0,1,1,109.0,0
2025,5,23,4,13,0,0,1,1,393.8,1
2025,5,23,4,14,0,0,1,0,0.0,0
2025,5,23,4,15,0,0,1,0,0.0,0
2025,5,23,4,16,0,0,1,0,0.0,0
2025,5,23,4,17,0,0,1,1,25.1,0
2025,5,23,4,18,0,0,1,1,13.6,0
2025,5,23,4,19,0,0,1,0,0.0,0
2025,5,23,4,20,0,0,1,1,188.1,0
2025,5,23,4,21,0,0,1,0,0.0,0
2025,5,23,4,22,0,0,1,0,0.0,0
2025,5,24,5,9,1,0,1,0,0.0,0
2025,5,24,5,10,1,0,1,1,370.0,0
2025,5,24,5,11,1,0,1,1,5.3,0
2025,5,24,5,12,1,0,1,1,165.0,0
2025,5,24,5,13,1,0,1,1,98.2,0
2025,5,24,5,14,1,0,1,0,0.0,0
2025,5,24,5,15,1,0,1,1,347.3,0
2025,5,24,5,16,1,0,1,1,26.7,0
2025,5,24,5,17,1,0,1,1,53.8,0
2025,5,24,5,18,1,0,1,1,24.3,0
2025,5,24,5,19,1,0,1,1,57.9,0
2025,5,24,5,20,1,0,1,1,341.9,0
2025,5,24,5,21,1,0,1,1,67.7,0
2025,5,24,5,22,1,0,1,1,10.4,1
2025,5,25,6,9,1,0,1,1,66.0,0
2025,5,25,6,10,1,0,1,1,190.5,0
2025,5,25,6,11,1,0,1,1,106.2,0
2025,5,25,6,12,1,0,1,1,102.4,0
2025,5,25,6,13,1,0,1,1,143.2,0
2025,5,25,6,14,1,0,1,1,314.8,1
2025,5,25,6,15,1,0,1,1,285.1,1
2025,5,25,6,16,1,0,1,1,194.3,0
2025,5,25,6,17,1,0,1,1,504.0,0
2025,5,25,6,18,1,0,1,1,9.5,0
2025,5,25,6,19,1,0,1,1,143.6,0
2025,5,25,6,20,1,0,1,1,119.8,0
2025,5,25,6,21,1,0,1,1,27.8,0
2025,5,25,6,22,1,0,1,1,504.0,0
2025,5,26,0,9,0,0,1,0,0.0,0
2025,5,26,0,10,0,0,1,0,0.0,0
2025,5,26,0,11,0,0,1,0,0.0,0
2025,5,26,0,12,0,0,1,1,26.2,0
2025,5,26,0,13,0,0,1,0,0.0,0
2025,5,26,0,14,0,0,1,1,329.8,0
2025,5,26,0,15,0,0,1,0,0.0,0
2025,5,26,0,16,0,0,1,1,157.6,0
2025,5,26,0,17,0,0,1,1,353.0,0
2025,5,26,0,18,0,0,1,1,232.1,0
2025,5,26,0,19,0,0,1,1,24.1,0
2025,5,26,0,20,0,0,1,0,0.0,0
2025,5,26,0,21,0,0,1,1,38.2,0
2025,5,26,0,22,0,0,1,0,0.0,0
2025,5,27,1,9,0,0,1,1,280.6,0
2025,5,27,1,10,0,0,1,1,10.0,0
2025,5,27,1,11,0,0,1,0,0.0,0
2025,5,27,1,12,0,0,1,1,458.3,0
2025,5,27,1,13,0,0,1,0,0.0,0
2025,5,27,1,14,0,0,1,0,0.0,0
2025,5,27,1,15,0,0,1,0,0.0,0
2025,5,27,1,16,0,0,1,0,0.0,0
2025,5,27,1,17,0,0,1,1,85.7,0
2025,5,27,1,18,0,0,1,1,212.5,0
2025,5,27,1,19,0,0,1,0,0.0,0
2025,5,27,1,20,0,0,1,0,0.0,0
2025,5,27,1,21,0,0,1,1,225.5,0
2025,5,27,1,22,0,0,1,0,0.0,0
2025,5,28,2,9,0,0,1,0,0.0,0
2025,5,28,2,10,0,0,1,0,0.0,0
2025,5,28,2,11,0,0,1,1,34.8,0
2025,5,28,2,12,0,0,1,1,35.4,0
2025,5,28,2,13,0,0,1,1,214.4,0
2025,5,28,2,14,0,0,1,1,363.7,0
2025,5,28,2,15,0,0,1,0,0.0,0
2025,5,28,2,16,0,0,1,0,0.0,0
2025,5,28,2,17,0,0,1,1,82.5,0
2025,5,28,2,18,0,0,1,0,0.0,0
2025,5,28,2,19,0,0,1,1,47.3,0
2025,5,28,2,20,0,0,1,0,0.0,0
2025,5,28,2,21,0,0,1,0,0.0,0
2025,5,28,2,22,0,0,1,0,0.0,0
2025,5,29,3,9,0,0,1,0,0.0,0
2025,5,29,3,10,0,0,1,1,73.0,0
2025,5,29,3,11,0,0,1,1,379.4,0
2025,5,29,3,12,0,0,1,0,0.0,0
2025,5,29,3,13,0,0,1,1,122.4,0
2025,5,29,3,14,0,0,1,0,0.0,0
2025,5,29,3,15,0,0,1,1,223.6,0
2025,5,29,3,16,0,0,1,0,0.0,0
2025,5,29,3,17,0,0,1,1,45.4,0
2025,5,29,3,18,0,0,1,1,24.9,0
2025,5,29,3,19,0,0,1,0,0.0,0
2025,5,29,3,20,0,0,1,1,198.7,0
2025,5,29,3,21,0,0,1,0,0.0,0
2025,5,29,3,22,0,0,1,1,103.6,0
2025,5,30,4,9,0,0,1,0,0.0,0
2025,5,30,4,10,0,0,1,1,21.3,0
2025,5,30,4,11,0,0,1,0,0.0,0
2025,5,30,4,12,0,0,1,0,0.0,0
2025,5,30,4,13,0,0,1,1,211.1,0
2025,5,30,4,14,0,0,1,1,43.5,0
2025,5,30,4,15,0,0,1,0,0.0,0
2025,5,30,4,16,0,0,1,0,0.0,0
2025,5,30,4,17,0,0,1,1,44.0,0
2025,5,30,4,18,0,0,1,1,13.8,0
2025,5,30,4,19,0,0,1,1,107.9,0
2025,5,30,4,20,0,0,1,0,0.0,0
2025,5,30,4,21,0,0,1,0,0.0,0
2025,5,30,4,22,0,0,1,1,12.0,0
2025,5,31,5,9,1,0,1,1,144.9,0
2025,5,31,5,10,1,0,1,1,488.6,0
2025,5,31,5,11,1,0,1,1,14.0,0
2025,5,31,5,12,1,0,1,0,0.0,0
2025,5,31,5,13,1,0,1,0,0.0,0
2025,5,31,5,14,1,0,1,0,0.0,0
2025,5,31,5,15,1,0,1,0,0.0,0
2025,5,31,5,16,1,0,1,1,21.5,0
2025,5,31,5,17,1,0,1,1,316.8,0
2025,5,31,5,18,1,0,1,1,320.2,0
2025,5,31,5,19,1,0,1,0,0.0,0
2025,5,31,5,20,1,0,1,1,234.0,0
2025,5,31,5,21,1,0,1,1,93.7,0
2025,5,31,5,22,1,0,1,1,153.4,0
2025,6,1,6,9,1,0,1,0,0.0,0
2025,6,1,6,10,1,0,1,1,235.8,0
2025,6,1,6,11,1,0,1,1,327.0,0
2025,6,1,6,12,1,0,1,1,82.8,0
2025,6,1,6,13,1,0,1,0,0.0,0
2025,6,1,6,14,1,0,1,1,125.7,0
2025,6,1,6,15,1,0,1,0,0.0,0
2025,6,1,6,16,1,0,1,1,26.9,0
2025,6,1,6,17,1,0,1,1,53.1,0
2025,6,1,6,18,1,0,1,0,0.0,0
2025,6,1,6,19,1,0,1,1,41.5,0
2025,6,1,6,20,1,0,1,1,92.2,0
2025,6,1,6,21,1,0,1,1,5.2,0
2025,6,1,6,22,1,0,1,1,182.2,0
2025,6,2,0,9,0,0,1,1,154.1,0
2025,6,2,0,10,0,0,1,0,0.0,0
2025,6,2,0,11,0,0,1,0,0.0,0
2025,6,2,0,12,0,0,1,0,0.0,0
2025,6,2,0,13,0,0,1,0,0.0,0
2025,6,2,0,14,0,0,1,0,0.0,0
2025,6,2,0,15,0,0,1,1,504.0,1
2025,6,2,0,16,0,0,1,0,0.0,0
2025,6,2,0,17,0,0,1,1,69.5,0
2025,6,2,0,18,0,0,1,0,0.0,0
2025,6,2,0,19,0,0,1,1,138.2,0
2025,6,2,0,20,0,0,1,1,169.2,0
2025,6,2,0,21,0,0,1,1,99.4,0
2025,6,2,0,22,0,0,1,0,0.0,0
2025,6,3,1,9,0,0,1,1,62.1,0
2025,6,3,1,10,0,0,1,1,282.9,0
2025,6,3,1,11,0,0,1,0,0.0,0
2025,6,3,1,12,0,0,1,1,30.5,0
2025,6,3,1,13,0,0,1,1,117.6,1
2025,6,3,1,14,0,0,1,1,395.4,0
2025,6,3,1,15,0,0,1,1,2.4,0
2025,6,3,1,16,0,0,1,0,0.0,0
2025,6,3,1,17,0,0,1,0,0.0,0
2025,6,3,1,18,0,0,1,1,74.9,0
2025,6,3,1,19,0,0,1,1,16.0,0
2025,6,3,1,20,0,0,1,0,0.0,0
2025,6,3,1,21,0,0,1,1,211.5,0
2025,6,3,1,22,0,0,1,0,0.0,0
2025,6,4,2,9,0,0,1,1,221.7,0
2025,6,4,2,10,0,0,1,1,80.1,0
2025,6,4,2,11,0,0,1,1,314.7,0
2025,6,4,2,12,0,0,1,0,0.0,0
2025,6,4,2,13,0,0,1,1,45.7,0
2025,6,4,2,14,0,0,1,0,0.0,0
2025,6,4,2,15,0,0,1,1,98.4,0
2025,6,4,2,16,0,0,1,0,0.0,0
2025,6,4,2,17,0,0,1,0,0.0,0
2025,6,4,2,18,0,0,1,0,0.0,0
2025,6,4,2,19,0,0,1,1,254.5,0
2025,6,4,2,20,0,0,1,0,0.0,0
2025,6,4,2,21,0,0,1,0,0.0,0
2025,6,4,2,22,0,0,1,1,204.4,0
2025,6,5,3,9,0,0,1,1,154.9,0
2025,6,5,3,10,0,0,1,0,0.0,0
2025,6,5,3,11,0,0,1,1,228.9,1
2025,6,5,3,12,0,0,1,1,34.0,0
2025,6,5,3,13,0,0,1,0,0.0,0
2025,6,5,3,14,0,0,1,0,0.0,0
2025,6,5,3,15,0,0,1,0,0.0,0
2025,6,5,3,16,0,0,1,0,0.0,0
2025,6,5,3,17,0,0,1,0,0.0,0
2025,6,5,3,18,0,0,1,1,155.4,0
2025,6,5,3,19,0,0,1,1,64.9,0
2025,6,5,3,20,0,0,1,1,161.8,0
2025,6,5,3,21,0,0,1,0,0.0,0
2025,6,5,3,22,0,0,1,0,0.0,0
2025,6,6,4,9,1,0,0,1,124.9,0
2025,6,6,4,10,1,0,0,0,0.0,0
2025,6,6,4,11,1,0,0,0,0.0,0
2025,6,6,4,12,1,0,0,1,10.9,0
2025,6,6,4,13,1,0,0,1,61.9,0
2025,6,6,4,14,1,0,0,1,4.8,0
2025,6,6,4,15,1,0,0,1,168.3,0
2025,6,6,4,16,1,0,0,0,0.0,0
2025,6,6,4,17,1,0,0,0,0.0,0
2025,6,6,4,18,1,0,0,1,37.5,0
2025,6,6,4,19,1,0,0,1,38.1,0
2025,6,6,4,20,1,0,0,0,0.0,0
2025,6,6,4,21,1,0,0,1,155.1,0
2025,6,6,4,22,1,0,0,1,23.6,0
2025,6,7,5,9,1,0,0,0,0.0,0
2025,6,7,5,10,1,0,0,0,0.0,0
2025,6,7,5,11,1,0,0,1,81.9,0
2025,6,7,5,12,1,0,0,1,39.7,0
2025,6,7,5,13,1,0,0,1,2.4,0
2025,6,7,5,14,1,0,0,0,0.0,0
2025,6,7,5,15,1,0,0,0,0.0,0
2025,6,7,5,16,1,0,0,1,13.1,0
2025,6,7,5,17,1,0,0,0,0.0,0
2025,6,7,5,18,1,0,0,0,0.0,0
2025,6,7,5,19,1,0,0,1,79.3,0
2025,6,7,5,20,1,0,0,0,0.0,0
2025,6,7,5,21,1,0,0,1,83.8,0
2025,6,7,5,22,1,0,0,0,0.0,0
2025,6,8,6,9,1,0,0,1,112.3,0
2025,6,8,6,10,1,0,0,1,50.8,0
2025,6,8,6,11,1,0,0,0,0.0,0
2025,6,8,6,12,1,0,0,1,9.7,0
2025,6,8,6,13,1,0,0,0,0.0,0
2025,6,8,6,14,1,0,0,0,0.0,0
2025,6,8,6,15,1,0,0,1,17.3,0
2025,6,8,6,16,1,0,0,1,29.6,0
2025,6,8,6,17,1,0,0,1,21.8,0
2025,6,8,6,18,1,0,0,1,227.8,0
2025,6,8,6,19,1,0,0,0,0.0,0
2025,6,8,6,20,1,0,0,0,0.0,0
2025,6,8,6,21,1,0,0,1,148.8,0
2025,6,8,6,22,1,0,0,0,0.0,0
2025,6,9,0,9,0,1,0,1,275.5,1
2025,6,9,0,10,0,1,0,0,0.0,0
2025,6,9,0,11,0,1,0,1,387.5,1
2025,6,9,0,12,0,1,0,0,0.0,0
2025,6,9,0,13,0,1,0,1,174.4,0
2025,6,9,0,14,0,1,0,1,301.1,0
2025,6,9,0,15,0,1,0,0,0.0,0
2025,6,9,0,16,0,1,0,1,129.1,0
2025,6,9,0,17,0,1,0,1,96.9,0
2025,6,9,0,18,0,1,0,1,248.3,0
2025,6,9,0,19,0,1,0,0,0.0,0
2025,6,9,0,20,0,1,0,1,423.5,1
2025,6,9,0,21,0,1,0,1,93.2,1
2025,6,9,0,22,0,1,0,1,244.5,0
2025,6,10,1,9,0,1,0,1,175.1,0
2025,6,10,1,10,0,1,0,0,0.0,0
2025,6,10,1,11,0,1,0,1,190.9,0
2025,6,10,1,12,0,1,0,0,0.0,0
2025,6,10,1,13,0,1,0,0,0.0,0
2025,6,10,1,14,0,1,0,1,155.3,1
2025,6,10,1,15,0,1,0,1,108.3,0
2025,6,10,1,16,0,1,0,1,3.6,0
2025,6,10,1,17,0,1,0,1,82.2,0
2025,6,10,1,18,0,1,0,1,504.0,0
2025,6,10,1,19,0,1,0,0,0.0,0
2025,6,10,1,20,0,1,0,1,254.2,0
2025,6,10,1,21,0,1,0,1,135.4,0
2025,6,10,1,22,0,1,0,1,2.6,0
2025,6,11,2,9,0,1,0,0,0.0,0
2025,6,11,2,10,0,1,0,0,0.0,0
2025,6,11,2,11,0,1,0,0,0.0,0
2025,6,11,2,12,0,1,0,0,0.0,0
2025,6,11,2,13,0,1,0,1,30.2,0
2025,6,11,2,14,0,1,0,0,0.0,0
2025,6,11,2,15,0,1,0,1,121.7,0
2025,6,11,2,16,0,1,0,0,0.0,0
2025,6,11,2,17,0,1,0,0,0.0,0
2025,6,11,2,18,0,1,0,0,0.0,0
2025,6,11,2,19,0,1,0,0,0.0,0
2025,6,11,2,20,0,1,0,0,0.0,0
2025,6,11,2,21,0,1,0,0,0.0,0
2025,6,11,2,22,0,1,0,1,46.9,0
2025,6,12,3,9,0,1,0,0,0.0,0
2025,6,12,3,10,0,1,0,1,159.5,0
2025,6,12,3,11,0,1,0,1,5.4,0
2025,6,12,3,12,0,1,0,1,35.8,0
2025,6,12,3,13,0,1,0,0,0.0,0
2025,6,12,3,14,0,1,0,0,0.0,0
2025,6,12,3,15,0,1,0,0,0.0,0
2025,6,12,3,16,0,1,0,0,0.0,0
2025,6,12,3,17,0,1,0,1,53.8,0
2025,6,12,3,18,0,1,0,1,68.7,1
2025,6,12,3,19,0,1,0,1,316.4,1
2025,6,12,3,20,0,1,0,1,203.5,0
2025,6,12,3,21,0,1,0,1,172.5,0
2025,6,12,3,22,0,1,0,1,504.0,0
2025,6,13,4,9,0,1,0,1,62.5,0
2025,6,13,4,10,0,1,0,0,0.0,0
2025,6,13,4,11,0,1,0,1,109.4,0
2025,6,13,4,12,0,1,0,0,0.0,0
2025,6,13,4,13,0,1,0,0,0.0,0
2025,6,13,4,14,0,1,0,1,394.9,0
2025,6,13,4,15,0,1,0,0,0.0,0
2025,6,13,4,16,0,1,0,0,0.0,0
2025,6,13,4,17,0,1,0,0,0.0,0
2025,6,13,4,18,0,1,0,1,42.3,0
2025,6,13,4,19,0,1,0,1,255.4,0
2025,6,13,4,20,0,1,0,1,159.7,0
2025,6,13,4,21,0,1,0,1,38.6,0
2025,6,13,4,22,0,1,0,0,0.0,0
2025,6,14,5,9,1,1,0,1,160.3,0
2025,6,14,5,10,1,1,0,1,34.8,0
2025,6,14,5,11,1,1,0,1,61.8,0
2025,6,14,5,12,1,1,0,0,0.0,0
2025,6,14,5,13,1,1,0,0,0.0,0
2025,6,14,5,14,1,1,0,1,48.5,0
2025,6,14,5,15,1,1,0,0,0.0,0
2025,6,14,5,16,1,1,0,0,0.0,0
2025,6,14,5,17,1,1,0,1,504.0,0
2025,6,14,5,18,1,1,0,1,102.7,0
2025,6,14,5,19,1,1,0,1,114.6,0
2025,6,14,5,20,1,1,0,1,33.6,0
2025,6,14,5,21,1,1,0,1,65.6,0
2025,6,14,5,22,1,1,0,1,149.2,0
2025,6,15,6,9,1,1,0,1,89.9,0
2025,6,15,6,10,1,1,0,0,0.0,0
2025,6,15,6,11,1,1,0,1,504.0,1
2025,6,15,6,12,1,1,0,1,367.4,0
2025,6,15,6,13,1,1,0,0,0.0,0
2025,6,15,6,14,1,1,0,1,144.2,1
2025,6,15,6,15,1,1,0,1,64.5,0
2025,6,15,6,16,1,1,0,1,11.4,0
2025,6,15,6,17,1,1,0,1,344.4,0
2025,6,15,6,18,1,1,0,1,209.1,0
2025,6,15,6,19,1,1,0,1,275.8,0
2025,6,15,6,20,1,1,0,1,164.5,0
2025,6,15,6,21,1,1,0,1,440.1,0
2025,6,15,6,22,1,1,0,1,157.9,1
2025,6,16,0,9,0,1,0,0,0.0,0
2025,6,16,0,10,0,1,0,1,380.4,0
2025,6,16,0,11,0,1,0,0,0.0,0
2025,6,16,0,12,0,1,0,0,0.0,0
2025,6,16,0,13,0,1,0,1,504.0,0
2025,6,16,0,14,0,1,0,1,332.0,1
2025,6,16,0,15,0,1,0,0,0.0,0
2025,6,16,0,16,0,1,0,0,0.0,0
2025,6,16,0,17,0,1,0,0,0.0,0
2025,6,16,0,18,0,1,0,1,290.3,0
2025,6,16,0,19,0,1,0,0,0.0,0
2025,6,16,0,20,0,1,0,0,0.0,0
2025,6,16,0,21,0,1,0,0,0.0,0
2025,6,16,0,22,0,1,0,1,114.7,0
2025,6,17,1,9,0,1,0,0,0.0,0
2025,6,17,1,10,0,1,0,1,136.3,0
2025,6,17,1,11,0,1,0,1,90.7,1
2025,6,17,1,12,0,1,0,0,0.0,0
2025,6,17,1,13,0,1,0,0,0.0,0
2025,6,17,1,14,0,1,0,0,0.0,0
2025,6,17,1,15,0,1,0,1,159.0,0
2025,6,17,1,16,0,1,0,1,261.1,1
2025,6,17,1,17,0,1,0,1,504.0,0
2025,6,17,1,18,0,1,0,0,0.0,0
2025,6,17,1,19,0,1,0,1,85.5,0
2025,6,17,1,20,0,1,0,1,80.7,0
2025,6,17,1,21,0,1,0,1,239.3,1
2025,6,17,1,22,0,1,0,0,0.0,0
2025,6,18,2,9,0,1,0,1,101.4,0
2025,6,18,2,10,0,1,0,0,0.0,0
2025,6,18,2,11,0,1,0,1,45.6,0
2025,6,18,2,12,0,1,0,1,121.8,0
2025,6,18,2,13,0,1,0,0,0.0,0
2025,6,18,2,14,0,1,0,0,0.0,0
2025,6,18,2,15,0,1,0,0,0.0,0
2025,6,18,2,16,0,1,0,0,0.0,0
2025,6,18,2,17,0,1,0,1,97.6,0
2025,6,18,2,18,0,1,0,1,61.5,0
2025,6,18,2,19,0,1,0,0,0.0,0
2025,6,18,2,20,0,1,0,0,0.0,0
2025,6,18,2,21,0,1,0,1,40.1,0
2025,6,18,2,22,0,1,0,0,0.0,0
2025,6,19,3,9,0,1,0,1,127.9,0
2025,6,19,3,10,0,1,0,0,0.0,0
2025,6,19,3,11,0,1,0,0,0.0,0
2025,6,19,3,12,0,1,0,0,0.0,0
2025,6,19,3,13,0,1,0,1,23.2,0
2025,6,19,3,14,0,1,0,0,0.0,0
2025,6,19,3,15,0,1,0,1,55.1,0
2025,6,19,3,16,0,1,0,1,221.6,0
2025,6,19,3,17,0,1,0,0,0.0,0
2025,6,19,3,18,0,1,0,1,229.3,0
2025,6,19,3,19,0,1,0,1,55.6,0
2025,6,19,3,20,0,1,0,1,135.3,0
2025,6,19,3,21,0,1,0,0,0.0,0
2025,6,19,3,22,0,1,0,1,204.9,0
2025,6,20,4,9,0,1,0,1,217.0,0
2025,6,20,4,10,0,1,0,0,0.0,0
2025,6,20,4,11,0,1,0,0,0.0,0
2025,6,20,4,12,0,1,0,0,0.0,0
2025,6,20,4,13,0,1,0,1,217.6,0
2025,6,20,4,14,0,1,0,1,61.8,0
2025,6,20,4,15,0,1,0,0,0.0,0
2025,6,20,4,16,0,1,0,0,0.0,0
2025,6,20,4,17,0,1,0,0,0.0,0
2025,6,20,4,18,0,1,0,0,0.0,0
2025,6,20,4,19,0,1,0,1,69.5,0
2025,6,20,4,20,0,1,0,0,0.0,0
2025,6,20,4,21,0,1,0,1,17.5,0
2025,6,20,4,22,0,1,0,0,0.0,0
2025,6,21,5,9,1,0,0,0,0.0,0
2025,6,21,5,10,1,0,0,1,8.8,0
2025,6,21,5,11,1,0,0,0,0.0,0
2025,6,21,5,12,1,0,0,0,0.0,0
2025,6,21,5,13,1,0,0,0,0.0,0
2025,6,21,5,14,1,0,0,0,0.0,0
2025,6,21,5,15,1,0,0,1,6.6,0
2025,6,21,5,16,1,0,0,1,22.1,0
2025,6,21,5,17,1,0,0,1,110.5,0
2025,6,21,5,18,1,0,0,0,0.0,0
2025,6,21,5,19,1,0,0,0,0.0,0
2025,6,21,5,20,1,0,0,0,0.0,0
2025,6,21,5,21,1,0,0,1,53.3,0
2025,6,21,5,22,1,0,0,0,0.0,0
2025,6,22,6,9,1,0,0,0,0.0,0
2025,6,22,6,10,1,0,0,0,0.0,0
2025,6,22,6,11,1,0,0,0,0.0,0
2025,6,22,6,12,1,0,0,0,0.0,0
2025,6,22,6,13,1,0,0,0,0.0,0
2025,6,22,6,14,1,0,0,1,84.9,1
2025,6,22,6,15,1,0,0,1,27.6,0
2025,6,22,6,16,1,0,0,1,97.8,0
2025,6,22,6,17,1,0,0,0,0.0,0
2025,6,22,6,18,1,0,0,1,113.9,0
2025,6,22,6,19,1,0,0,1,2.4,0
2025,6,22,6,20,1,0,0,1,41.3,0
2025,6,22,6,21,1,0,0,0,0.0,0
2025,6,22,6,22,1,0,0,1,50.4,0
2025,6,23,0,9,0,0,0,0,0.0,0
2025,6,23,0,10,0,0,0,0,0.0,0
2025,6,23,0,11,0,0,0,0,0.0,0
2025,6,23,0,12,0,0,0,0,0.0,0
2025,6,23,0,13,0,0,0,0,0.0,0
2025,6,23,0,14,0,0,0,1,70.8,0
2025,6,23,0,15,0,0,0,0,0.0,0
2025,6,23,0,16,0,0,0,0,0.0,0
2025,6,23,0,17,0,0,0,1,153.9,0
2025,6,23,0,18,0,0,0,0,0.0,0
2025,6,23,0,19,0,0,0,0,0.0,0
2025,6,23,0,20,0,0,0,0,0.0,0
2025,6,23,0,21,0,0,0,0,0.0,0
2025,6,23,0,22,0,0,0,0,0.0,0
2025,6,24,1,9,0,0,0,0,0.0,0
2025,6,24,1,10,0,0,0,0,0.0,0
2025,6,24,1,11,0,0,0,1,2.4,0
2025,6,24,1,12,0,0,0,0,0.0,0
2025,6,24,1,13,0,0,0,1,74.7,0
2025,6,24,1,14,0,0,0,1,9.9,0
2025,6,24,1,15,0,0,0,0,0.0,0
2025,6,24,1,16,0,0,0,1,100.0,0
2025,6,24,1,17,0,0,0,0,0.0,0
2025,6,24,1,18,0,0,0,0,0.0,0
2025,6,24,1,19,0,0,0,0,0.0,0
2025,6,24,1,20,0,0,0,0,0.0,0
2025,6,24,1,21,0,0,0,1,73.2,0
2025,6,24,1,22,0,0,0,0,0.0,0
2025,6,25,2,9,0,0,0,0,0.0,0
2025,6,25,2,10,0,0,0,0,0.0,0
2025,6,25,2,11,0,0,0,0,0.0,0
2025,6,25,2,12,0,0,0,0,0.0,0
2025,6,25,2,13,0,0,0,1,199.5,0
2025,6,25,2,14,0,0,0,0,0.0,0
2025,6,25,2,15,0,0,0,0,0.0,0
2025,6,25,2,16,0,0,0,1,4.9,0
2025,6,25,2,17,0,0,0,0,0.0,0
2025,6,25,2,18,0,0,0,1,41.0,0
2025,6,25,2,19,0,0,0,1,33.1,0
2025,6,25,2,20,0,0,0,0,0.0,0
2025,6,25,2,21,0,0,0,0,0.0,0
2025,6,25,2,22,0,0,0,0,0.0,0
2025,6,26,3,9,0,0,0,0,0.0,0
2025,6,26,3,10,0,0,0,0,0.0,0
2025,6,26,3,11,0,0,0,0,0.0,0
2025,6,26,3,12,0,0,0,0,0.0,0
2025,6,26,3,13,0,0,0,1,25.9,0
2025,6,26,3,14,0,0,0,0,0.0,0
2025,6,26,3,15,0,0,0,1,51.5,0
2025,6,26,3,16,0,0,0,0,0.0,0
2025,6,26,3,17,0,0,0,1,167.4,0
2025,6,26,3,18,0,0,0,1,12.6,0
2025,6,26,3,19,0,0,0,1,29.7,0
2025,6,26,3,20,0,0,0,0,0.0,0
2025,6,26,3,21,0,0,0,1,45.8,0
2025,6,26,3,22,0,0,0,0,0.0,0
2025,6,27,4,9,0,0,0,0,0.0,0
2025,6,27,4,10,0,0,0,1,2.4,0
2025,6,27,4,11,0,0,0,0,0.0,0
2025,6,27,4,12,0,0,0,0,0.0,0
2025,6,27,4,13,0,0,0,1,62.6,0
2025,6,27,4,14,0,0,0,0,0.0,0
2025,6,27,4,15,0,0,0,1,132.7,0
2025,6,27,4,16,0,0,0,0,0.0,0
2025,6,27,4,17,0,0,0,0,0.0,0
2025,6,27,4,18,0,0,0,1,137.7,0
2025,6,27,4,19,0,0,0,0,0.0,0
2025,6,27,4,20,0,0,0,0,0.0,0
2025,6,27,4,21,0,0,0,1,17.8,0
2025,6,27,4,22,0,0,0,0,0.0,0
2025,6,28,5,9,1,0,0,1,44.0,0
2025,6,28,5,10,1,0,0,1,27.1,0
2025,6,28,5,11,1,0,0,0,0.0,0
2025,6,28,5,12,1,0,0,1,20.8,0
2025,6,28,5,13,1,0,0,1,17.4,0
2025,6,28,5,14,1,0,0,0,0.0,0
2025,6,28,5,15,1,0,0,0,0.0,0
2025,6,28,5,16,1,0,0,1,69.1,0
2025,6,28,5,17,1,0,0,1,49.2,0
2025,6,28,5,18,1,0,0,1,104.4,0
2025,6,28,5,19,1,0,0,0,0.0,0
2025,6,28,5,20,1,0,0,1,44.1,1
2025,6,28,5,21,1,0,0,1,8.9,0
2025,6,28,5,22,1,0,0,0,0.0,0
2025,6,29,6,9,1,0,0,1,40.3,1
2025,6,29,6,10,1,0,0,0,0.0,0
2025,6,29,6,11,1,0,0,0,0.0,0
2025,6,29,6,12,1,0,0,0,0.0,0
2025,6,29,6,13,1,0,0,0,0.0,0
2025,6,29,6,14,1,0,0,0,0.0,0
2025,6,29,6,15,1,0,0,1,2.4,0
2025,6,29,6,16,1,0,0,1,12.1,0
2025,6,29,6,17,1,0,0,1,55.7,1
2025,6,29,6,18,1,0,0,1,116.9,0
2025,6,29,6,19,1,0,0,1,355.2,1
2025,6,29,6,20,1,0,0,1,114.7,0
2025,6,29,6,21,1,0,0,1,31.1,0
2025,6,29,6,22,1,0,0,0,0.0,0
2025,6,30,0,9,0,0,0,0,0.0,0
2025,6,30,0,10,0,0,0,1,339.5,1
2025,6,30,0,11,0,0,0,0,0.0,0
2025,6,30,0,12,0,0,0,0,0.0,0
2025,6,30,0,13,0,0,0,0,0.0,0
2025,6,30,0,14,0,0,0,1,22.2,0
2025,6,30,0,15,0,0,0,1,30.2,0
2025,6,30,0,16,0,0,0,0,0.0,0
2025,6,30,0,17,0,0,0,1,2.4,0
2025,6,30,0,18,0,0,0,1,80.2,0
2025,6,30,0,19,0,0,0,0,0.0,0
2025,6,30,0,20,0,0,0,1,39.2,0
2025,6,30,0,21,0,0,0,0,0.0,0
2025,6,30,0,22,0,0,0,0,0.0,0
2025,7,1,1,9,0,0,0,0,0.0,0
2025,7,1,1,10,0,0,0,0,0.0,0
2025,7,1,1,11,0,0,0,1,197.8,0
2025,7,1,1,12,0,0,0,0,0.0,0
2025,7,1,1,13,0,0,0,1,19.7,0
2025,7,1,1,14,0,0,0,0,0.0,0
2025,7,1,1,15,0,0,0,0,0.0,0
2025,7,1,1,16,0,0,0,1,7.1,0
2025,7,1,1,17,0,0,0,1,58.7,0
2025,7,1,1,18,0,0,0,0,0.0,0
2025,7,1,1,19,0,0,0,0,0.0,0
2025,7,1,1,20,0,0,0,0,0.0,0
2025,7,1,1,21,0,0,0,0,0.0,0
2025,7,1,1,22,0,0,0,0,0.0,0
2025,7,2,2,9,0,0,0,0,0.0,0
2025,7,2,2,10,0,0,0,0,0.0,0
2025,7,2,2,11,0,0,0,0,0.0,0
2025,7,2,2,12,0,0,0,1,10.2,0
2025,7,2,2,13,0,0,0,0,0.0,0
2025,7,2,2,14,0,0,0,0,0.0,0
2025,7,2,2,15,0,0,0,0,0.0,0
2025,7,2,2,16,0,0,0,0,0.0,0
2025,7,2,2,17,0,0,0,1,7.5,1
2025,7,2,2,18,0,0,0,1,58.3,0
2025,7,2,2,19,0,0,0,0,0.0,0
2025,7,2,2,20,0,0,0,1,37.9,0
2025,7,2,2,21,0,0,0,1,71.6,0
2025,7,2,2,22,0,0,0,0,0.0,0
2025,7,3,3,9,0,0,0,0,0.0,0
2025,7,3,3,10,0,0,0,0,0.0,0
2025,7,3,3,11,0,0,0,0,0.0,0
2025,7,3,3,12,0,0,0,0,0.0,0
2025,7,3,3,13,0,0,0,0,0.0,0
2025,7,3,3,14,0,0,0,1,28.8,0
2025,7,3,3,15,0,0,0,0,0.0,0
2025,7,3,3,16,0,0,0,0,0.0,0
2025,7,3,3,17,0,0,0,0,0.0,0
2025,7,3,3,18,0,0,0,0,0.0,0
2025,7,3,3,19,0,0,0,0,0.0,0
2025,7,3,3,20,0,0,0,1,17.8,0
2025,7,3,3,21,0,0,0,0,0.0,0
2025,7,3,3,22,0,0,0,0,0.0,0
2025,7,4,4,9,0,0,0,0,0.0,0
2025,7,4,4,10,0,0,0,1,16.5,0
2025,7,4,4,11,0,0,0,1,167.9,0
2025,7,4,4,12,0,0,0,0,0.0,0
2025,7,4,4,13,0,0,0,0,0.0,0
2025,7,4,4,14,0,0,0,0,0.0,0
2025,7,4,4,15,0,0,0,0,0.0,0
2025,7,4,4,16,0,0,0,0,0.0,0
2025,7,4,4,17,0,0,0,0,0.0,0
2025,7,4,4,18,0,0,0,1,14.8,0
2025,7,4,4,19,0,0,0,1,95.1,1
2025,7,4,4,20,0,0,0,1,84.8,0
2025,7,4,4,21,0,0,0,0,0.0,0
2025,7,4,4,22,0,0,0,0,0.0,0
2025,7,5,5,9,1,0,0,0,0.0,0
2025,7,5,5,10,1,0,0,0,0.0,0
2025,7,5,5,11,1,0,0,0,0.0,0
2025,7,5,5,12,1,0,0,1,171.9,0
2025,7,5,5,13,1,0,0,0,0.0,0
2025,7,5,5,14,1,0,0,1,58.2,0
2025,7,5,5,15,1,0,0,0,0.0,0
2025,7,5,5,16,1,0,0,1,27.9,0
2025,7,5,5,17,1,0,0,1,17.2,0
2025,7,5,5,18,1,0,0,0,0.0,0
2025,7,5,5,19,1,0,0,0,0.0,0
2025,7,5,5,20,1,0,0,1,6.4,0
2025,7,5,5,21,1,0,0,1,147.4,0
2025,7,5,5,22,1,0,0,0,0.0,0
2025,7,6,6,9,1,0,0,1,79.7,0
2025,7,6,6,10,1,0,0,1,5.5,0
2025,7,6,6,11,1,0,0,1,8.3,0
2025,7,6,6,12,1,0,0,1,479.9,0
2025,7,6,6,13,1,0,0,1,76.1,0
2025,7,6,6,14,1,0,0,0,0.0,0
2025,7,6,6,15,1,0,0,1,238.4,1
2025,7,6,6,16,1,0,0,1,4.1,0
2025,7,6,6,17,1,0,0,0,0.0,0
2025,7,6,6,18,1,0,0,1,135.2,0
2025,7,6,6,19,1,0,0,1,25.5,0
2025,7,6,6,20,1,0,0,0,0.0,0
2025,7,6,6,21,1,0,0,0,0.0,0
2025,7,6,6,22,1,0,0,1,65.8,0
2025,7,7,0,9,0,0,0,1,10.9,0
2025,7,7,0,10,0,0,0,0,0.0,0
2025,7,7,0,11,0,0,0,0,0.0,0
2025,7,7,0,12,0,0,0,0,0.0,0
2025,7,7,0,13,0,0,0,1,98.7,0
2025,7,7,0,14,0,0,0,0,0.0,0
2025,7,7,0,15,0,0,0,0,0.0,0
2025,7,7,0,16,0,0,0,0,0.0,0
2025,7,7,0,17,0,0,0,1,30.4,0
2025,7,7,0,18,0,0,0,0,0.0,0
2025,7,7,0,19,0,0,0,0,0.0,0
2025,7,7,0,20,0,0,0,1,154.1,0
2025,7,7,0,21,0,0,0,0,0.0,0
2025,7,7,0,22,0,0,0,0,0.0,0
2025,7,8,1,9,0,0,0,0,0.0,0
2025,7,8,1,10,0,0,0,0,0.0,0
2025,7,8,1,11,0,0,0,1,72.1,0
2025,7,8,1,12,0,0,0,0,0.0,0
2025,7,8,1,13,0,0,0,0,0.0,0
2025,7,8,1,14,0,0,0,0,0.0,0
2025,7,8,1,15,0,0,0,0,0.0,0
2025,7,8,1,16,0,0,0,0,0.0,0
2025,7,8,1,17,0,0,0,1,9.1,0
2025,7,8,1,18,0,0,0,0,0.0,0
2025,7,8,1,19,0,0,0,1,49.7,0
2025,7,8,1,20,0,0,0,1,141.8,1
2025,7,8,1,21,0,0,0,0,0.0,0
2025,7,8,1,22,0,0,0,0,0.0,0
2025,7,9,2,9,0,0,0,1,121.2,0
2025,7,9,2,10,0,0,0,0,0.0,0
2025,7,9,2,11,0,0,0,1,33.7,0
2025,7,9,2,12,0,0,0,0,0.0,0
2025,7,9,2,13,0,0,0,0,0.0,0
2025,7,9,2,14,0,0,0,0,0.0,0
2025,7,9,2,15,0,0,0,0,0.0,0
2025,7,9,2,16,0,0,0,0,0.0,0
2025,7,9,2,17,0,0,0,1,22.2,0
2025,7,9,2,18,0,0,0,1,103.0,0
2025,7,9,2,19,0,0,0,1,26.5,0
2025,7,9,2,20,0,0,0,0,0.0,0
2025,7,9,2,21,0,0,0,1,50.7,0
2025,7,9,2,22,0,0,0,1,27.2,0
2025,7,10,3,9,0,0,0,0,0.0,0
2025,7,10,3,10,0,0,0,0,0.0,0
2025,7,10,3,11,0,0,0,1,26.1,0
2025,7,10,3,12,0,0,0,0,0.0,0
2025,7,10,3,13,0,0,0,0,0.0,0
2025,7,10,3,14,0,0,0,0,0.0,0
2025,7,10,3,15,0,0,0,0,0.0,0
2025,7,10,3,16,0,0,0,0,0.0,0
2025,7,10,3,17,0,0,0,0,0.0,0
2025,7,10,3,18,0,0,0,1,107.9,0
2025,7,10,3,19,0,0,0,0,0.0,0
2025,7,10,3,20,0,0,0,0,0.0,0
2025,7,10,3,21,0,0,0,0,0.0,0
2025,7,10,3,22,0,0,0,0,0.0,0
2025,7,11,4,9,0,0,0,0,0.0,0
2025,7,11,4,10,0,0,0,1,24.7,0
2025,7,11,4,11,0,0,0,0,0.0,0
2025,7,11,4,12,0,0,0,0,0.0,0
2025,7,11,4,13,0,0,0,1,58.8,0
2025,7,11,4,14,0,0,0,1,21.7,0
2025,7,11,4,15,0,0,0,0,0.0,0
2025,7,11,4,16,0,0,0,0,0.0,0
2025,7,11,4,17,0,0,0,0,0.0,0
2025,7,11,4,18,0,0,0,0,0.0,0
2025,7,11,4,19,0,0,0,0,0.0,0
2025,7,11,4,20,0,0,0,1,2.4,0
2025,7,11,4,21,0,0,0,1,5.4,0
2025,7,11,4,22,0,0,0,0,0.0,0
2025,7,12,5,9,1,0,0,1,2.4,1
2025,7,12,5,10,1,0,0,0,0.0,0
2025,7,12,5,11,1,0,0,0,0.0,0
2025,7,12,5,12,1,0,0,1,155.6,0
2025,7,12,5,13,1,0,0,0,0.0,0
2025,7,12,5,14,1,0,0,0,0.0,0
2025,7,12,5,15,1,0,0,1,90.2,0
2025,7,12,5,16,1,0,0,1,46.6,0
2025,7,12,5,17,1,0,0,0,0.0,0
2025,7,12,5,18,1,0,0,1,116.9,0
2025,7,12,5,19,1,0,0,1,2.4,0
2025,7,12,5,20,1,0,0,0,0.0,0
2025,7,12,5,21,1,0,0,1,11.2,0
2025,7,12,5,22,1,0,0,1,57.0,0
2025,7,13,6,9,1,0,0,1,2.4,0
2025,7,13,6,10,1,0,0,0,0.0,0
2025,7,13,6,11,1,0,0,0,0.0,0
2025,7,13,6,12,1,0,0,0,0.0,0
2025,7,13,6,13,1,0,0,1,101.0,0
2025,7,13,6,14,1,0,0,1,188.0,0
2025,7,13,6,15,1,0,0,0,0.0,0
2025,7,13,6,16,1,0,0,1,46.2,0
2025,7,13,6,17,1,0,0,1,11.2,0
2025,7,13,6,18,1,0,0,0,0.0,0
2025,7,13,6,19,1,0,0,0,0.0,0
2025,7,13,6,20,1,0,0,1,28.9,0
2025,7,13,6,21,1,0,0,1,87.8,0
2025,7,13,6,22,1,0,0,0,0.0,0
2025,7,14,0,9,0,0,0,1,52.4,0
2025,7,14,0,10,0,0,0,0,0.0,0
2025,7,14,0,11,0,0,0,1,48.6,0
2025,7,14,0,12,0,0,0,0,0.0,0
2025,7,14,0,13,0,0,0,0,0.0,0
2025,7,14,0,14,0,0,0,0,0.0,0
2025,7,14,0,15,0,0,0,0,0.0,0
2025,7,14,0,16,0,0,0,0,0.0,0
2025,7,14,0,17,0,0,0,0,0.0,0
2025,7,14,0,18,0,0,0,0,0.0,0
2025,7,14,0,19,0,0,0,0,0.0,0
2025,7,14,0,20,0,0,0,1,37.8,0
2025,7,14,0,21,0,0,0,1,6.9,0
2025,7,14,0,22,0,0,0,1,66.7,0
2025,7,15,1,9,0,0,0,0,0.0,0
2025,7,15,1,10,0,0,0,1,31.8,0
2025,7,15,1,11,0,0,0,0,0.0,0
2025,7,15,1,12,0,0,0,0,0.0,0
2025,7,15,1,13,0,0,0,0,0.0,0
2025,7,15,1,14,0,0,0,0,0.0,0
2025,7,15,1,15,0,0,0,0,0.0,0
2025,7,15,1,16,0,0,0,1,44.3,0
2025,7,15,1,17,0,0,0,0,0.0,0
2025,7,15,1,18,0,0,0,1,42.9,0
2025,7,15,1,19,0,0,0,1,12.4,0
2025,7,15,1,20,0,0,0,0,0.0,0
2025,7,15,1,21,0,0,0,0,0.0,0
2025,7,15,1,22,0,0,0,0,0.0,0
2025,7,16,2,9,0,0,0,1,25.2,0
2025,7,16,2,10,0,0,0,1,22.5,0
2025,7,16,2,11,0,0,0,1,68.0,0
2025,7,16,2,12,0,0,0,0,0.0,0
2025,7,16,2,13,0,0,0,0,0.0,0
2025,7,16,2,14,0,0,0,0,0.0,0
2025,7,16,2,15,0,0,0,0,0.0,0
2025,7,16,2,16,0,0,0,0,0.0,0
2025,7,16,2,17,0,0,0,0,0.0,0
2025,7,16,2,18,0,0,0,0,0.0,0
2025,7,16,2,19,0,0,0,1,114.7,0
2025,7,16,2,20,0,0,0,0,0.0,0
2025,7,16,2,21,0,0,0,0,0.0,0
2025,7,16,2,22,0,0,0,0,0.0,0
2025,7,17,3,9,0,0,0,0,0.0,0
2025,7,17,3,10,0,0,0,0,0.0,0
2025,7,17,3,11,0,0,0,0,0.0,0
2025,7,17,3,12,0,0,0,0,0.0,0
2025,7,17,3,13,0,0,0,0,0.0,0
2025,7,17,3,14,0,0,0,1,99.5,0
2025,7,17,3,15,0,0,0,0,0.0,0
2025,7,17,3,16,0,0,0,0,0.0,0
2025,7,17,3,17,0,0,0,0,0.0,0
2025,7,17,3,18,0,0,0,1,15.8,0
2025,7,17,3,19,0,0,0,0,0.0,0
2025,7,17,3,20,0,0,0,0,0.0,0
2025,7,17,3,21,0,0,0,0,0.0,0
2025,7,17,3,22,0,0,0,0,0.0,0
2025,7,18,4,9,0,0,0,0,0.0,0
2025,7,18,4,10,0,0,0,1,32.7,0
2025,7,18,4,11,0,0,0,0,0.0,0
2025,7,18,4,12,0,0,0,0,0.0,0
2025,7,18,4,13,0,0,0,1,49.7,0
2025,7,18,4,14,0,0,0,0,0.0,0
2025,7,18,4,15,0,0,0,0,0.0,0
2025,7,18,4,16,0,0,0,0,0.0,0
2025,7,18,4,17,0,0,0,1,54.0,0
2025,7,18,4,18,0,0,0,0,0.0,0
2025,7,18,4,19,0,0,0,1,57.7,0
2025,7,18,4,20,0,0,0,1,2.4,0
2025,7,18,4,21,0,0,0,0,0.0,0
2025,7,18,4,22,0,0,0,1,56.1,0
2025,7,19,5,9,1,0,0,0,0.0,0
2025,7,19,5,10,1,0,0,1,504.0,0
2025,7,19,5,11,1,0,0,0,0.0,0
2025,7,19,5,12,1,0,0,1,17.4,0
2025,7,19,5,13,1,0,0,0,0.0,0
2025,7,19,5,14,1,0,0,1,174.7,0
2025,7,19,5,15,1,0,0,1,144.7,0
2025,7,19,5,16,1,0,0,1,62.4,1
2025,7,19,5,17,1,0,0,1,53.4,0
2025,7,19,5,18,1,0,0,0,0.0,0
2025,7,19,5,19,1,0,0,0,0.0,0
2025,7,19,5,20,1,0,0,0,0.0,0
2025,7,19,5,21,1,0,0,0,0.0,0
2025,7,19,5,22,1,0,0,0,0.0,0
2025,7,20,6,9,1,0,0,1,54.7,0
2025,7,20,6,10,1,0,0,0,0.0,0
2025,7,20,6,11,1,0,0,0,0.0,0
2025,7,20,6,12,1,0,0,0,0.0,0
2025,7,20,6,13,1,0,0,0,0.0,0
2025,7,20,6,14,1,0,0,1,74.5,0
2025,7,20,6,15,1,0,0,0,0.0,0
2025,7,20,6,16,1,0,0,0,0.0,0
2025,7,20,6,17,1,0,0,1,32.2,1
2025,7,20,6,18,1,0,0,0,0.0,0
2025,7,20,6,19,1,0,0,1,48.7,0
2025,7,20,6,20,1,0,0,1,231.9,0
2025,7,20,6,21,1,0,0,1,110.1,0
2025,7,20,6,22,1,0,0,1,7.0,0
2025,7,21,0,9,0,0,0,0,0.0,0
2025,7,21,0,10,0,0,0,0,0.0,0
2025,7,21,0,11,0,0,0,0,0.0,0
2025,7,21,0,12,0,0,0,0,0.0,0
2025,7,21,0,13,0,0,0,1,2.4,0
2025,7,21,0,14,0,0,0,1,4.8,0
2025,7,21,0,15,0,0,0,1,268.2,0
2025,7,21,0,16,0,0,0,1,173.9,0
2025,7,21,0,17,0,0,0,1,70.3,0
2025,7,21,0,18,0,0,0,0,0.0,0
2025,7,21,0,19,0,0,0,1,39.8,0
2025,7,21,0,20,0,0,0,1,140.2,0
2025,7,21,0,21,0,0,0,1,5.2,0
2025,7,21,0,22,0,0,0,1,46.0,0
2025,7,22,1,9,0,0,0,0,0.0,0
2025,7,22,1,10,0,0,0,1,53.7,0
2025,7,22,1,11,0,0,0,0,0.0,0
2025,7,22,1,12,0,0,0,1,95.8,0
2025,7,22,1,13,0,0,0,0,0.0,0
2025,7,22,1,14,0,0,0,0,0.0,0
2025,7,22,1,15,0,0,0,0,0.0,0
2025,7,22,1,16,0,0,0,1,47.9,0
2025,7,22,1,17,0,0,0,0,0.0,0
2025,7,22,1,18,0,0,0,0,0.0,0
2025,7,22,1,19,0,0,0,0,0.0,0
2025,7,22,1,20,0,0,0,1,139.9,1
2025,7,22,1,21,0,0,0,1,18.8,0
2025,7,22,1,22,0,0,0,0,0.0,0
2025,7,23,2,9,0,0,0,0,0.0,0
2025,7,23,2,10,0,0,0,0,0.0,0
2025,7,23,2,11,0,0,0,0,0.0,0
2025,7,23,2,12,0,0,0,0,0.0,0
2025,7,23,2,13,0,0,0,0,0.0,0
2025,7,23,2,14,0,0,0,0,0.0,0
2025,7,23,2,15,0,0,0,0,0.0,0
2025,7,23,2,16,0,0,0,0,0.0,0
2025,7,23,2,17,0,0,0,0,0.0,0
2025,7,23,2,18,0,0,0,0,0.0,0
2025,7,23,2,19,0,0,0,0,0.0,0
2025,7,23,2,20,0,0,0,0,0.0,0
2025,7,23,2,21,0,0,0,0,0.0,0
2025,7,23,2,22,0,0,0,0,0.0,0
2025,7,24,3,9,0,0,0,0,0.0,0
2025,7,24,3,10,0,0,0,0,0.0,0
2025,7,24,3,11,0,0,0,0,0.0,0
2025,7,24,3,12,0,0,0,0,0.0,0
2025,7,24,3,13,0,0,0,0,0.0,0
2025,7,24,3,14,0,0,0,0,0.0,0
2025,7,24,3,15,0,0,0,0,0.0,0
2025,7,24,3,16,0,0,0,0,0.0,0
2025,7,24,3,17,0,0,0,0,0.0,0
2025,7,24,3,18,0,0,0,0,0.0,0
2025,7,24,3,19,0,0,0,1,40.0,0
2025,7,24,3,20,0,0,0,1,17.1,0
2025,7,24,3,21,0,0,0,0,0.0,0
2025,7,24,3,22,0,0,0,1,167.7,0
2025,7,25,4,9,0,0,0,0,0.0,0
2025,7,25,4,10,0,0,0,0,0.0,0
2025,7,25,4,11,0,0,0,0,0.0,0
2025,7,25,4,12,0,0,0,0,0.0,0
2025,7,25,4,13,0,0,0,0,0.0,0
2025,7,25,4,14,0,0,0,0,0.0,0
2025,7,25,4,15,0,0,0,0,0.0,0
2025,7,25,4,16,0,0,0,0,0.0,0
2025,7,25,4,17,0,0,0,0,0.0,0
2025,7,25,4,18,0,0,0,1,44.5,0
2025,7,25,4,19,0,0,0,0,0.0,0
2025,7,25,4,20,0,0,0,0,0.0,0
2025,7,25,4,21,0,0,0,1,121.9,0
2025,7,25,4,22,0,0,0,0,0.0,0
2025,7,26,5,9,1,0,0,0,0.0,0
2025,7,26,5,10,1,0,0,0,0.0,0
2025,7,26,5,11,1,0,0,0,0.0,0
2025,7,26,5,12,1,0,0,1,199.0,0
2025,7,26,5,13,1,0,0,0,0.0,0
2025,7,26,5,14,1,0,0,0,0.0,0
2025,7,26,5,15,1,0,0,1,146.0,0
2025,7,26,5,16,1,0,0,0,0.0,0
2025,7,26,5,17,1,0,0,1,182.9,0
2025,7,26,5,18,1,0,0,1,29.7,0
2025,7,26,5,19,1,0,0,1,53.0,0
2025,7,26,5,20,1,0,0,0,0.0,0
2025,7,26,5,21,1,0,0,0,0.0,0
2025,7,26,5,22,1,0,0,0,0.0,0
2025,7,27,6,9,1,0,0,0,0.0,0
2025,7,27,6,10,1,0,0,0,0.0,0
2025,7,27,6,11,1,0,0,1,14.9,0
2025,7,27,6,12,1,0,0,1,121.7,0
2025,7,27,6,13,1,0,0,1,2.5,0
2025,7,27,6,14,1,0,0,1,109.9,0
2025,7,27,6,15,1,0,0,1,25.5,0
2025,7,27,6,16,1,0,0,0,0.0,0
2025,7,27,6,17,1,0,0,1,97.8,0
2025,7,27,6,18,1,0,0,1,13.1,0
2025,7,27,6,19,1,0,0,1,8.0,0
2025,7,27,6,20,1,0,0,1,16.0,0
2025,7,27,6,21,1,0,0,1,86.2,0
2025,7,27,6,22,1,0,0,1,38.2,0
2025,7,28,0,9,0,0,0,0,0.0,0
2025,7,28,0,10,0,0,0,0,0.0,0
2025,7,28,0,11,0,0,0,1,2.4,0
2025,7,28,0,12,0,0,0,0,0.0,0
2025,7,28,0,13,0,0,0,0,0.0,0
2025,7,28,0,14,0,0,0,0,0.0,0
2025,7,28,0,15,0,0,0,1,4.3,0
2025,7,28,0,16,0,0,0,0,0.0,0
2025,7,28,0,17,0,0,0,0,0.0,0
2025,7,28,0,18,0,0,0,0,0.0,0
2025,7,28,0,19,0,0,0,0,0.0,0
2025,7,28,0,20,0,0,0,0,0.0,0
2025,7,28,0,21,0,0,0,0,0.0,0
2025,7,28,0,22,0,0,0,1,15.8,0
2025,7,29,1,9,0,0,0,0,0.0,0
2025,7,29,1,10,0,0,0,0,0.0,0
2025,7,29,1,11,0,0,0,0,0.0,0
2025,7,29,1,12,0,0,0,0,0.0,0
2025,7,29,1,13,0,0,0,0,0.0,0
2025,7,29,1,14,0,0,0,0,0.0,0
2025,7,29,1,15,0,0,0,1,161.8,0
2025,7,29,1,16,0,0,0,0,0.0,0
2025,7,29,1,17,0,0,0,0,0.0,0
2025,7,29,1,18,0,0,0,0,0.0,0
2025,7,29,1,19,0,0,0,1,74.5,0
2025,7,29,1,20,0,0,0,0,0.0,0
2025,7,29,1,21,0,0,0,1,55.6,0
2025,7,29,1,22,0,0,0,0,0.0,0
2025,7,30,2,9,0,0,0,1,42.7,1
2025,7,30,2,10,0,0,0,0,0.0,0
2025,7,30,2,11,0,0,0,0,0.0,0
2025,7,30,2,12,0,0,0,0,0.0,0
2025,7,30,2,13,0,0,0,1,2.4,0
2025,7,30,2,14,0,0,0,1,28.1,0
2025,7,30,2,15,0,0,0,0,0.0,0
2025,7,30,2,16,0,0,0,0,0.0,0
2025,7,30,2,17,0,0,0,0,0.0,0
2025,7,30,2,18,0,0,0,0,0.0,0
2025,7,30,2,19,0,0,0,1,249.0,0
2025,7,30,2,20,0,0,0,0,0.0,0
2025,7,30,2,21,0,0,0,1,66.8,0
2025,7,30,2,22,0,0,0,0,0.0,0
2025,7,31,3,9,0,0,0,1,29.1,0
2025,7,31,3,10,0,0,0,0,0.0,0
2025,7,31,3,11,0,0,0,0,0.0,0
2025,7,31,3,12,0,0,0,0,0.0,0
2025,7,31,3,13,0,0,0,0,0.0,0
2025,7,31,3,14,0,0,0,1,23.4,0
2025,7,31,3,15,0,0,0,0,0.0,0
2025,7,31,3,16,0,0,0,0,0.0,0
2025,7,31,3,17,0,0,0,1,3.6,0
2025,7,31,3,18,0,0,0,1,30.0,0
2025,7,31,3,19,0,0,0,1,139.2,0
2025,7,31,3,20,0,0,0,0,0.0,0
2025,7,31,3,21,0,0,0,1,20.5,0
2025,7,31,3,22,0,0,0,1,53.2,0
